Workbook

Sheet table01
A1: id | B1: C03 | C1: C04 | D1: C06 | E1: C08 | F1: price | G1: img | I1: C09
A2: 0000000001 | B2: 0000000303 | C2: HLCC-108M Matte Photo Paper 108g A4 * 100 sheets | D2: пачка | E2: .230308 | F2: 1.9601534 | G2: url_1.png | H2: 1.9601534 | I2: =FIXED(H2,3) -> 1,960
A3: 0000000002 | B3: 0000000001 | C3: HLCC-115G Фотобумага глянцевая, 115 гр/см2, A4 * 100 листов | D3: пачка | E3: .230308 | F3: 2.3734686 | G3: url_2.png | H3: 2.3734686 | I3: =FIXED(H3,3) -> 2,373
A4: 0000000003 | B4: 0000000002 | C4: HLCC-140DG Фотобумага глянцевая двухсторонняя, 140 гр/см2, A4 * 20 листов | D4: пачка | E4: .230308 | F4: 0.71142191 | G4: url_3.png | H4: 0.71142191 | I4: =FIXED(H4,3) -> 0,711
A5: 0000000004 | B5: 0000000003 | C5: HLCC-180DG Фотобумага глянцевая двухсторонняя, 180 гр/см2, A4 *50 листов | D5: пачка | E5: .230308 | F5: 1.9948026 | G5: url_4.png | H5: 1.9948026 | I5: =FIXED(H5,3) -> 1,995
A6: 0000000005 | B6: 0000000004 | C6: HLCC-180G Фотобумага глянцевая, 180 гр/см2, 4R (10 на 15см) | D6: пачка | E6: .230308 | F6: 0.9008786 | G6: url_5.png | H6: 0.9008786 | I6: =FIXED(H6,3) -> 0,901
A7: 0000000006 | B7: 0000000005 | C7: HLCC-180G Фотобумага глянцевая, 180 гр/см2, A4 * 100 листов | D7: пачка | E7: .230510 | F7: 8.4753984 | G7: url_6.png | H7: 8.4753984 | I7: =FIXED(H7,3) -> 8,475
A8: 0000000007 | B8: 0000000302 | C8: HLCC-190М Фотобумага матовая, 190 гр/см2, 4R * 100 sheets | D8: пачка | E8: .230510 | F8: 1.8654256 | G8: url_7.png | H8: 1.8654256 | I8: =FIXED(H8,3) -> 1,865
A9: 0000000008 | B9: 0000000006 | C9: HLCC-190М Фотобумага матовая, 190 гр/см2, A4 * 100 листов | D9: пачка | E9: .230510 | F9: 6.8277926 | G9: url_8.png | H9: 6.8277926 | I9: =FIXED(H9,3) -> 6,828
A10: 0000000009 | B10: 0000000165 | C10: HLCC-200G Фотобумага глянцевая, 200 гр/см2, A4 * 100 листов | D10: пачка | E10: .230510 | F10: 6.4089096 | G10: url_9.png | H10: 6.4089096 | I10: =FIXED(H10,3) -> 6,409
A11: 0000000010 | B11: 0000000301 | C11: HLCC-210M Фотобумага матовая 210g A4 * 100 sheets | D11: пачка | E11: .230308 | F11: 3.1802995 | G11: url_10.png | H11: 3.1802995 | I11: =FIXED(H11,3) -> 3,180
A12: 0000000011 | B12: 0000000007 | C12: HLCC-230G Фотобумага глянцевая с обратной печатью, 230gsm, 5R (13 на 18) * 100 листов | D12: пачка | E12: .230308 | F12: 1.46904 | G12: url_11.png | H12: 1.46904 | I12: =FIXED(H12,3) -> 1,469
A13: 0000000012 | B13: 0000000008 | C13: HLCC-230G Фотобумага глянцевая, 230 гр/см2, 4R (10 на 15см) | D13: пачка | E13: .230308 | F13: 1.0394753 | G13: url_12.png | H13: 1.0394753 | I13: =FIXED(H13,3) -> 1,039
... A47: 0000000046 | B47: 0000000018 | C47: HTW-300EX Термотрансферная бумага для темных тканей (Голубая подложка), 300gsm, A4*20 листов | D47: пачка | E47: .230308 | F47: 14.228438 | G47: url_46.png | H47: 14.228438 | I47: =FIXED(H47,3) -> 14,228
A48: 0000000047 | B48: 0000000335 | C48: PCR (вал первичного заряда) Canon IR 2016/1600/2025 | D48: шт | E48: .230308 | F48: =598.66/85 -> 7.0430588 | G48: url_47.png | H48: 7.0430588 | I48: =FIXED(H48,3) -> 7,043
A49: 0000000048 | B49: 0000000197 | C49: PCR (вал первичного заряда) Samsung ML-1660/1860;SCX-3200 (D104) | D49: шт | E49: .210100 | F49: 1.2566667 | G49: url_48.png | H49: 1.2566667 | I49: =FIXED(H49,3) -> 1,257
A50: 0000000049 | B50: 0000000371 | C50: PCR (вал первичного заряда) для Pantum P2200/P2207/P2500W/M6600 (PC-211), Developer Roller, Тип 1.4 | D50: шт | E50: .230308 | F50: 1.51 | G50: url_49.png | H50: 1.51 | I50: =FIXED(H50,3) -> 1,510
A51: 0000000050 | B51: 0000000021 | C51: PCR (вал первичного заряда) для картриджей 12A Laser Jet HP 1010/1012/1015/3015/3020/3030 CANON 2900/3000 | D51: шт | E51: .230308 | F51: 0.50401163 | G51: url_50.png | H51: 0.50401163 | I51: =FIXED(H51,3) -> 0,504
A52: 0000000051 | B52: 0000000212 | C52: PCR (вал первичного заряда) для картриджей Canon PC/FC-128/230/330 | D52: шт | E52: .210516 | F52: 0.735 | G52: url_51.png | H52: 0.735 | I52: =FIXED(H52,3) -> 0,735
A53: 0000000052 | B53: 0000000022 | C53: PCR (вал первичного заряда) для картриджей P1005,388A,P1007,1008,1505,1522,278,285,435,436 | D53: шт | E53: .230308 | F53: 0.50401163 | G53: url_52.png | H53: 0.50401163 | I53: =FIXED(H53,3) -> 0,504
A54: 0000000053 | B54: 0000000185 | C54: PCR (вал первичного заряда) для картриджей Samsung ML-1610/2015 | D54: шт | E54: .210516 | F54: 0.735 | G54: url_53.png | H54: 0.735 | I54: =FIXED(H54,3) -> 0,735
A55: 0000000054 | B55: 0000000184 | C55: PCR (вал первичного заряда) для картриджей Samsung ML-1710/SCX-4200 | D55: шт | E55: .210516 | F55: 0.735 | G55: url_54.png | H55: 0.735 | I55: =FIXED(H55,3) -> 0,735
A56: 0000000055 | B56: 0000000211 | C56: PCR (вал первичного заряда) для картриджей Samsung ML-M2020/2070/2160/SCX-3400 | D56: шт | E56: .210516 | F56: 0.735 | G56: url_55.png | H56: 0.735 | I56: =FIXED(H56,3) -> 0,735
A57: 0000000056 | B57: 0000000331 | C57: PCR (вал первичного заряда) для принтеров M104/M102a/M130/M132/M106 (CF219A) | D57: шт | E57: .230308 | F57: =183.338/#REF! -> #REF! | G57: url_56.png | H57: 1.9928043 | I57: =FIXED(H57,3) -> 1,993
A58: 0000000057 | B58: 0000000023 | C58: T-образный держатель шлейфа для СНПЧ - клипса (система непрерывной подачи чернил), пластиковая планка для крепления шлейфа в СНПЧ | D58: шт | E58: .230308 | F58: 0.10956774 | G58: url_57.png | H58: 0.10956774 | I58: =FIXED(H58,3) -> 0,110
A59: 0000000058 | B59: 0000000271 | C59: USB Hub DE-V15 White | D59: шт | E59: .230308 | F59: 2.77 | G59: url_58.png | H59: 2.77 | I59: =FIXED(H59,3) -> 2,770
A60: 0000000059 | B60: 0000000258 | C60: Бушинг магнитного вала картриджа HP LJ 1010/1020 (Q2612A) (комплект 2шт) | D60: шт | E60: .230308 | F60: =5.39/#REF! -> #REF! | G60: url_59.png | H60: 0.058586957 | I60: =FIXED(H60,3) -> 0,059
A61: 0000000060 | B61: 0000000311 | C61: Бушинг резинового вала для HP LJ 1160/1320/3027 (Комплект) | D61: шт | E61: .230308 | F61: 1.4566667 | G61: url_60.png | H61: 1.4566667 | I61: =FIXED(H61,3) -> 1,457
A62: 0000000061 | B62: 0000000163 | C62: Бушинг резинового вала для HP LJ P1505/2035/M401/M425 | D62: шт | E62: .230308 | F62: 1.6562821 | G62: url_61.png | H62: 1.6562821 | I62: =FIXED(H62,3) -> 1,656
A63: 0000000062 | B63: 0000000029 | C63: Вал магнитный (magnetic roller) для картриджей HP Laser Jet 1000/1200/ | D63: шт | E63: .230308 | F63: =79.06/#REF! -> #REF! | G63: url_62.png | H63: 0.7906 | I63: =FIXED(H63,3) -> 0,791
A64: 0000000063 | B64: 0000000019 | C64: Вал магнитный (magnetic roller) для картриджей HP Laser Jet 1010/1012/1015/3015/3020/3030 CANON 2900/3000 | D64: шт | E64: .230308 | F64: 0.56975227 | G64: url_63.png | H64: 0.56975227 | I64: =FIXED(H64,3) -> 0,570
A65: 0000000064 | B65: 0000000287 | C65: Вал магнитный (magnetic roller) для картриджей HP Laser Jet 1100 | D65: шт | E65: .230308 | F65: =79.06/#REF! -> #REF! | G65: url_64.png | H65: 0.85934783 | I65: =FIXED(H65,3) -> 0,859
A66: 0000000065 | B66: 0000000221 | C66: Вал магнитный (magnetic roller) для картриджей HP Laser Jet 1320 | D66: шт | E66: .210516 | F66: 0 | G66: url_65.png | H66: 0 | I66: =FIXED(H66,3) -> 0,000
A67: 0000000066 | B67: 0000000222 | C67: Вал магнитный (magnetic roller) для картриджей HP Laser Jet 2035/2055 | D67: шт | E67: .210516 | F67: 0 | G67: url_66.png | H67: 0 | I67: =FIXED(H67,3) -> 0,000
A68: 0000000067 | B68: 0000000213 | C68: Вал магнитный (magnetic roller) для картриджей HP Laser Jet 2420 | D68: шт | E68: .210516 | F68: 2.7272727 | G68: url_67.png | H68: 2.7272727 | I68: =FIXED(H68,3) -> 2,727
A69: 0000000068 | B69: 0000000201 | C69: Вал магнитный (magnetic roller) для картриджей HP Laser Jet 4250 | D69: шт | E69: .210516 | F69: 2.7272727 | G69: url_68.png | H69: 2.7272727 | I69: =FIXED(H69,3) -> 2,727
A70: 0000000069 | B70: 0000000030 | C70: Вал магнитный (magnetic roller) для картриджей HP Laser Jet M104/M132, CF218A, CF217A, CF230A, CF234A, 047 | D70: шт | E70: .230308 | F70: 1.0513713 | G70: url_69.png | H70: 1.0513713 | I70: =FIXED(H70,3) -> 1,051
A71: 0000000070 | B71: 0000000281 | C71: Вал магнитный (magnetic roller) для картриджей HP Laser Jet M15/M28 CF244A | D71: шт | E71: .230308 | F71: 0.82 | G71: url_70.png | H71: 0.82 | I71: =FIXED(H71,3) -> 0,820
A72: 0000000071 | B72: 0000000020 | C72: Вал магнитный (magnetic roller) для картриджей HP Laser Jet P1005 1008 1505 1522 278 285 435 436 | D72: шт | E72: .230308 | F72: 0.56975227 | G72: url_71.png | H72: 0.56975227 | I72: =FIXED(H72,3) -> 0,570
A73: 0000000072 | B73: 0000000198 | C73: Вал магнитный Samsung ML-1660/1860;SCX-3200 (D104) | D73: шт | E73: .210516 | F73: 1.8366667 | G73: url_72.png | H73: 1.8366667 | I73: =FIXED(H73,3) -> 1,837
A74: 0000000073 | B74: 0000000209 | C74: Вал магнитный Samsung ML-2160/M2020;SCX-3400 (D101/D111) | D74: шт | E74: .210516 | F74: 0.73461538 | G74: url_73.png | H74: 0.73461538 | I74: =FIXED(H74,3) -> 0,735
A75: 0000000074 | B75: 0000000352 | C75: Вал резиновый (нижний, прижимной) Samsung ML-2850/3310/XEROX 3250/3210 | D75: шт | E75: .230308 | F75: 14.091384 | G75: url_74.png | H75: 14.091384 | I75: =FIXED(H75,3) -> 14,091
A76: 0000000075 | B76: 0000000312 | C76: Вал резиновый (прижимной) HP LJ 1160/1320/M2727/P2015 | D76: шт | E76: .230308 | F76: 7.7888462 | G76: url_75.png | H76: 7.7888462 | I76: =FIXED(H76,3) -> 7,789
A77: 0000000076 | B77: 0000000219 | C77: Вал резиновый HP LJ 1010 | D77: шт | E77: .230308 | F77: =354.9/62.3 -> 5.6966292 | G77: url_76.png | H77: 5.6966292 | I77: =FIXED(H77,3) -> 5,697
A78: 0000000077 | B78: 0000000351 | C78: Вал резиновый HP LJ 1022 | D78: шт | E78: .230308 | F78: =388.5/62.3 -> 6.2359551 | G78: url_77.png | H78: 6.2359551 | I78: =FIXED(H78,3) -> 6,236
A79: 0000000078 | B79: 0000000218 | C79: Вал резиновый HP LJ 2400 | D79: шт | E79: .210516 | F79: 0 | G79: url_78.png | H79: 0 | I79: =FIXED(H79,3) -> 0,000
A80: 0000000079 | B80: 0000000315 | C80: Вал резиновый HP LJ M104/M132 | D80: шт | E80: .230308 | F80: 11.085949 | G80: url_79.png | H80: 11.085949 | I80: =FIXED(H80,3) -> 11,086
A81: 0000000080 | B81: 0000000220 | C81: Вал резиновый HP LJ p1005 | D81: шт | E81: .230308 | F81: =466.2/62.3 -> 7.4831461 | G81: url_80.png | H81: 7.4831461 | I81: =FIXED(H81,3) -> 7,483
A82: 0000000081 | B82: 0000000216 | C82: Вал резиновый Samsung ML-1710/SCX-4200 | D82: шт | E82: .230420 | F82: =805.44/85 -> 9.4757647 | G82: url_81.png | H82: 9.4757647 | I82: =FIXED(H82,3) -> 9,476
A83: 0000000082 | B83: 0000000317 | C83: Вал тефлоновый Samsung ML-1710/SCX-4200/Xerox PE16 | D83: шт | E83: .230420 | F83: =481.55/#REF! -> #REF! | G83: url_82.png | H83: 5.2342391 | I83: =FIXED(H83,3) -> 5,234
A84: 0000000083 | B84: 0000000353 | C84: Вал тефлоновый Samsung ML-2850/3310/XEROX 3250/3210 | D84: шт | E84: .230308 | F84: 1.5078334 | G84: url_83.png | H84: 1.5078334 | I84: =FIXED(H84,3) -> 1,508
A85: 0000000084 | B85: 0000000028 | C85: Втулка магнитного вала BASF для HP LJ 1010/1020/1022 (BASF-MRBHP1010) комплект | D85: шт | E85: .230308 | F85: =0.22*1.15 -> 0.253 | G85: url_84.png | H85: 0.253 | I85: =FIXED(H85,3) -> 0,253
A86: 0000000085 | B86: 0000000255 | C86: Втулка магнитного вала BASF для HP LJ Pro M402/426 (BASF-BSHMR-CF226A_X) комплект | D86: шт | E86: .230308 | F86: =0.16*1.15 -> 0.184 | G86: url_85.png | H86: 0.184 | I86: =FIXED(H86,3) -> 0,184
A87: 0000000086 | B87: 0000000166 | C87: Двигатель каретки в зборе Epson Stylus Photo 1400/1410/R1900/R2880 (2112637) | D87: шт | E87: .210516 | F87: =4.8*1.15 -> 5.52 | G87: url_86.png | H87: 5.52 | I87: =FIXED(H87,3) -> 5,520
A88: 0000000087 | B88: 0000000250 | C88: Двигатель каретки в сборе Epson Stylus Photo R285/R295/R290P50/T50/T59/L800 (2116693) | D88: шт | E88: .230308 | F88: 4.81 | G88: url_87.png | H88: 4.81 | I88: =FIXED(H88,3) -> 4,810
A89: 0000000088 | B89: 0000000031 | C89: Держатель шлейфа для СНПЧ - клипса (система непрерывной подачи чернил), пластиковая планка для крепления шлейфа в СНПЧ | D89: шт | E89: .230308 | F89: 0.065740647 | G89: url_88.png | H89: 0.065740647 | I89: =FIXED(H89,3) -> 0,066
A90: 0000000089 | B90: 0000000167 | C90: Заправка лазерного картриджа | D90: шт | E90: .210516 | F90: 2.1 | G90: url_89.png | H90: 2.1 | I90: =FIXED(H90,3) -> 2,100
A91: 0000000090 | B91: 0000000171 | C91: Заправка струйного картриджа | D91: шт | E91: .210516 | F91: 2.1 | G91: url_90.png | H91: 2.1 | I91: =FIXED(H91,3) -> 2,100
A92: 0000000091 | B92: 0000000032 | C92: Ізопропанол WWM для очистки лезий, фотобарабанов 100мл (CL07) | D92: шт | E92: .230308 | F92: 0.57498592 | G92: url_91.png | H92: 0.57498592 | I92: =FIXED(H92,3) -> 0,575
A93: 0000000092 | B93: 0000000272 | C93: Кабель USB 2.0 AM-BM 30AWG 1.8M | D93: шт | E93: .230308 | F93: 0.61 | G93: url_92.png | H93: 0.61 | I93: =FIXED(H93,3) -> 0,610
A94: 0000000093 | B94: 0000000273 | C94: Кабель VGA M-M 30AWG 2 ferrites 1.8M | D94: шт | E94: .230308 | F94: 1.61 | G94: url_93.png | H94: 1.61 | I94: =FIXED(H94,3) -> 1,610
A95: 0000000094 | B95: 0000000274 | C95: Кабель питания 1.2м | D95: шт | E95: .230308 | F95: 0.54 | G95: url_94.png | H95: 0.54 | I95: =FIXED(H95,3) -> 0,540
A96: 0000000095 | B96: 0000000364 | C96: Картридж лазерный W1106A для HP Laser 107a/107r/MFP135a/135r/135w/137, 1K (без чипа) | D96: шт | E96: .240410 | F96: =#REF!/#REF! -> #REF! | G96: url_95.png | H96: 6.3913043 | I96: =FIXED(H96,3) -> 6,391
A97: 0000000096 | B97: 0000000365 | C97: Картридж лазерный W1106AL для HP Laser 107a/107r/MFP135a/135r/135w/137, 5K (без чипа) | D97: шт | E97: .230308 | F97: =786.45/62.3 -> 12.623596 | G97: url_96.png | H97: 12.623596 | I97: =FIXED(H97,3) -> 12,624
A98: 0000000097 | B98: 0000000045 | C98: Картридж для СНПЧ (система непрерывной подачи чернил) Epson L800, L210, (1 штука) без чипа, без чернил | D98: шт | E98: .230308 | F98: 1.0956774 | G98: url_97.png | H98: 1.0956774 | I98: =FIXED(H98,3) -> 1,096
A99: 0000000098 | B99: 0000000046 | C99: Картридж для СНПЧ (система непрерывной подачи чернил) Epson T50 (1 штука) без чипа, без чернил | D99: шт | E99: .230308 | F99: 0.26296259 | G99: url_98.png | H99: 0.26296259 | I99: =FIXED(H99,3) -> 0,263
A100: 0000000099 | B100: 0000000370 | C100: Картридж лазерный (211EV) для Pantum P2200/P2207/P2507/P2500W/M6500/6550/6607, 1,6К | D100: шт | E100: .240410 | F100: =#REF!/#REF! -> #REF! | G100: url_99.png | H100: 8.0108696 | I100: =FIXED(H100,3) -> 8,011
A101: 0000000100 | B101: 0000000164 | C101: Картридж лазерный Brother HL-2030/2035/TN-2375/TN-2375 | D101: шт | E101: .230308 | F101: 6.8918919 | G101: url_100.png | H101: 6.8918919 | I101: =FIXED(H101,3) -> 6,892
A102: 0000000101 | B102: 0000000176 | C102: Картридж лазерный C128/328/728/H278A | D102: шт | E102: .230417 | F102: 6.006 | G102: url_101.png | H102: 6.006 | I102: =FIXED(H102,3) -> 6,006
A103: 0000000102 | B103: 0000000336 | C103: Картридж лазерный CF217A/047 canon LBP-112/113 | D103: шт | E103: .230308 | F103: =728.1/85 -> 8.5658824 | G103: url_102.png | H103: 8.5658824 | I103: =FIXED(H103,3) -> 8,566
A104: 0000000103 | B104: 0000000044 | C104: Картридж лазерный CF244A LaserJet Pro / LJP-M15 LaserJet Pro / LJP-M16 LaserJet Pro / LJP-M28 LaserJet Pro | D104: шт | E104: .240410 | F104: =#REF!/#REF! -> #REF! | G104: url_103.png | H104: 5.7173913 | I104: =FIXED(H104,3) -> 5,717
A105: 0000000104 | B105: 0000000268 | C105: Картридж лазерный CF279A | D105: шт | E105: .210516 | F105: 7 | G105: url_104.png | H105: 7 | I105: =FIXED(H105,3) -> 7,000
A106: 0000000105 | B106: 0000000183 | C106: Картридж лазерный CF283X/C137/337/737 | D106: шт | E106: .230308 | F106: 6.76 | G106: url_105.png | H106: 6.76 | I106: =FIXED(H106,3) -> 6,760
A107: 0000000106 | B107: 0000000338 | C107: Картридж лазерный E16 (совместимый) | D107: шт | E107: .230307 | F107: =1338.06/75 -> 17.8408 | G107: url_106.png | H107: 17.8408 | I107: =FIXED(H107,3) -> 17,841
A108: 0000000107 | B108: 0000000238 | C108: Картридж лазерный EP-27 Canon LBP 3200/MF3110/MF5630/5650/1800/1840/2140/3210 | D108: шт | E108: .230308 | F108: =619.5/62.3 -> 9.9438202 | G108: url_107.png | H108: 9.9438202 | I108: =FIXED(H108,3) -> 9,944
A109: 0000000108 | B109: 0000000262 | C109: Картридж лазерный HP LaserJet (505A) P2035/P2035N/P2050/P2055/Canon 6300/6650/MF-5840/5880/5940 | D109: шт | E109: .210514 | F109: =7.75 -> 7.75 | G109: url_108.png | H109: 7.75 | I109: =FIXED(H109,3) -> 7,750
A110: 0000000109 | B110: 0000000264 | C110: Картридж лазерный HP LaserJet 1160/1320/P2014/P2015/Canon LBP-3300/3360/3370 | D110: шт | E110: .210514 | F110: =8.05 -> 8.05 | G110: url_109.png | H110: 8.05 | I110: =FIXED(H110,3) -> 8,050
A111: 0000000110 | B111: 0000000182 | C111: Картридж лазерный HP LaserJet Pro (218a) M132a, M132fn, M132fw, M132nw, M104a, M104w | D111: шт | E111: .230417 | F111: 6.867 | G111: url_110.png | H111: 6.867 | I111: =FIXED(H111,3) -> 6,867
A112: 0000000111 | B112: 0000000033 | C112: Картридж лазерный HP LJ 2612A/C103/303/703/FX9/10/L90/C104 | D112: шт | E112: .240410 | F112: =#REF!/#REF! -> #REF! | G112: url_111.png | H112: 4.423913 | I112: =FIXED(H112,3) -> 4,424
A113: 0000000112 | B113: 0000000175 | C113: Картридж лазерный HP LJ 285A/Canon 725 | D113: шт | E113: .240410 | F113: =#REF!/#REF! -> #REF! | G113: url_112.png | H113: 4.4130435 | I113: =FIXED(H113,3) -> 4,413
A114: 0000000113 | B114: 0000000313 | C114: Картридж лазерный HP LJ 5949A/7553A | D114: шт | E114: .230308 | F114: 9.5 | G114: url_113.png | H114: 9.5 | I114: =FIXED(H114,3) -> 9,500
A115: 0000000114 | B115: 0000000034 | C115: Картридж лазерный HP LJ 7115A/2613A/2624A/EP-25 | D115: шт | E115: .230308 | F115: 8.9 | G115: url_114.png | H115: 8.9 | I115: =FIXED(H115,3) -> 8,900
A116: 0000000115 | B116: 0000000035 | C116: Картридж лазерный HP LJ EP-22 (092) | D116: шт | E116: .230308 | F116: 7.22 | G116: url_115.png | H116: 7.22 | I116: =FIXED(H116,3) -> 7,220
A117: 0000000116 | B117: 0000000260 | C117: Картридж лазерный HP LJ M203/MFP M227 CF230 | D117: шт | E117: .230308 | F117: =642.11/#REF! -> #REF! | G117: url_116.png | H117: 6.9794565 | I117: =FIXED(H117,3) -> 6,979
A118: 0000000117 | B118: 0000000318 | C118: Картридж лазерный Samsung D115L | D118: шт | E118: .230308 | F118: 10.69 | G118: url_117.png | H118: 10.69 | I118: =FIXED(H118,3) -> 10,690
A119: 0000000118 | B119: 0000000042 | C119: Картридж лазерный Samsung ML D111S NewVersion | D119: шт | E119: .230308 | F119: 8.7180157 | G119: url_118.png | H119: 8.7180157 | I119: =FIXED(H119,3) -> 8,718
A120: 0000000119 | B120: 0000000040 | C120: Картридж лазерный Samsung ML-1210 | D120: шт | E120: .230308 | F120: 10.85 | G120: url_119.png | H120: 10.85 | I120: =FIXED(H120,3) -> 10,850
A121: 0000000120 | B121: 0000000233 | C121: Картридж лазерный Samsung Ml-1610/1615/2010/2015 | D121: шт | E121: .230308 | F121: 11.16 | G121: url_120.png | H121: 11.16 | I121: =FIXED(H121,3) -> 11,160
A122: 0000000121 | B122: 0000000235 | C122: Картридж лазерный Samsung Ml-1640/1641/2240/2241 (D108) | D122: шт | E122: .210516 | F122: 9.5 | G122: url_121.png | H122: 9.5 | I122: =FIXED(H122,3) -> 9,500
A123: 0000000122 | B123: 0000000309 | C123: Картридж лазерный Samsung ML-1710 | D123: шт | E123: .230417 | F123: 10.101 | G123: url_122.png | H123: 10.101 | I123: =FIXED(H123,3) -> 10,101
A124: 0000000123 | B124: 0000000041 | C124: Картридж лазерный Samsung ML-D101 | D124: шт | E124: .230308 | F124: 8.6220632 | G124: url_123.png | H124: 8.6220632 | I124: =FIXED(H124,3) -> 8,622
A125: 0000000124 | B125: 0000000173 | C125: Картридж лазерный Samsung SCX-3200/Ml 1661 (D104) | D125: шт | E125: .230308 | F125: 10.733029 | G125: url_124.png | H125: 10.733029 | I125: =FIXED(H125,3) -> 10,733
A126: 0000000125 | B126: 0000000043 | C126: Картридж лазерный Samsung SCX-4200 | D126: шт | E126: .230417 | F126: 11.802 | G126: url_125.png | H126: 11.802 | I126: =FIXED(H126,3) -> 11,802
A127: 0000000126 | B127: 0000000174 | C127: Картридж лазерный Samsung SCX-4300 | D127: шт | E127: .210516 | F127: 8.5 | G127: url_126.png | H127: 8.5 | I127: =FIXED(H127,3) -> 8,500
A128: 0000000127 | B128: 0000000339 | C128: Картридж лазерный XEROX Phaser 3100 | D128: шт | E128: .230307 | F128: =1684.11/75 -> 22.4548 | G128: url_127.png | H128: 22.4548 | I128: =FIXED(H128,3) -> 22,455
A129: 0000000128 | B129: 0000000283 | C129: Картридж струйный Canon Pixma MG2140/MG3140, CL-441 Color | D129: шт | E129: .230308 | F129: 19.099916 | G129: url_128.png | H129: 19.099916 | I129: =FIXED(H129,3) -> 19,100
A130: 0000000129 | B130: 0000000282 | C130: Картридж струйный Canon Pixma MG2140/MG3140, PG-440 Black | D130: шт | E130: .230308 | F130: 15.023498 | G130: url_129.png | H130: 15.023498 | I130: =FIXED(H130,3) -> 15,023
A131: 0000000130 | B131: 0000000265 | C131: Картридж струйный Canon Pixma MP210 Black (37) Black | D131: шт | E131: .230308 | F131: 20.479112 | G131: url_130.png | H131: 20.479112 | I131: =FIXED(H131,3) -> 20,479
A132: 0000000131 | B132: 0000000180 | C132: Картридж струйный Canon Pixma MP230/MP250/MP270 PG-510Bk Black | D132: шт | E132: .230308 | F132: =2415/62.3 -> 38.764045 | G132: url_131.png | H132: 38.764045 | I132: =FIXED(H132,3) -> 38,764
A133: 0000000132 | B133: 0000000181 | C133: Картридж струйный Canon Pixma MP230/MP250/MP270 PG-511CL Color | D133: шт | E133: .230308 | F133: =2415/62.3 -> 38.764045 | G133: url_132.png | H133: 38.764045 | I133: =FIXED(H133,3) -> 38,764
...

Sheet table01_01

Sheet table02
A1: =table02_01!Q2&table02_01!W1&table02_01!T2 -> 0000000001tel1_03
A2: =table02_01!Q3&table02_01!W2&table02_01!T3 -> 0000000002Лиля (Больница)
A3: =table02_01!Q4&table02_01!W3&table02_01!T4 -> 0000000003 Розница разное ОПТ
A4: =table02_01!Q5&table02_01!W4&table02_01!T5 -> 0000000004 Андрей (Ясиноватая)
A5: =table02_01!Q6&table02_01!W5&table02_01!T6 -> 0000000005 0713031515Юрий (Снежное)
A6: =table02_01!Q7&table02_01!W6&table02_01!T7 -> 0000000006 0713798238Артем Голубев+Тимофей+Игорь
A7: =table02_01!Q8&table02_01!W7&table02_01!T8 -> 0000000007 0713347913Наташа Алферова
A8: =table02_01!Q9&table02_01!W8&table02_01!T9 -> 0000000008 0713699176Оля Импульс
A9: =table02_01!Q10&table02_01!W9&table02_01!T10 -> 0000000009 0713853526Нистеренко Наташа
A10: =table02_01!Q11&table02_01!W10&table02_01!T11 -> 0000000010 0713306420Наташа Шахтерск
A11: =table02_01!Q12&table02_01!W11&table02_01!T12 -> 0000000011 0713260038Михаил Донпринт
A12: =table02_01!Q13&table02_01!W12&table02_01!T13 -> 0000000012 0713030110Богдан
... A90: =table02_01!Q91&table02_01!W90&table02_01!T91

Sheet table02_01
A1: id | B1: priz1 | C1: priz2 | D1: priz3 | E1: kod | F1: klient | G1: tel1 | H1: tel2 | I1: tel3 | J1: tel4 | L1: 180-" " | M1: kod_1 | N1: kod_2 | O1: kod_3 | P1: kod_4 | Q1: kod_5 | R1: klient_1 | S1: klient_2 | T1: klient_3 | U1: tel1_01 | V1: tel1_02 | W1: tel1_03
E2: 001 | F2: Розница | I2: 20210101 00 | K2: 0000000000 | L2: =REPT(" ",180) | M2: 001 | N2: =_xlfn.CONCAT(K2,M2) -> 0000000000001 | O2: =LEN(N2) -> 13 | P2: =RIGHT(N2,10) -> 0000000001 | Q2: 0000000001
E3: 002 | F3: Лиля (Больница) | I3: 20210101 01 | K3: 0000000000 | L3: =REPT(" ",180) | M3: 002 | N3: =_xlfn.CONCAT(K3,M3) -> 0000000000002 | O3: =LEN(N3) -> 13 | P3: =RIGHT(N3,10) -> 0000000002 | Q3: 0000000002 | R3: =_xlfn.CONCAT(F3,L3) -> Лиля (Больница) | S3: =LEFT(R3,180) -> Лиля (Больница) | T3: Лиля (Больница) | U3: =_xlfn.CONCAT(L3,G3) | V3: =RIGHT(U3,25)
E4: 003 | F4: Розница разное ОПТ | I4: 20210103 01 | K4: 0000000000 | L4: =REPT(" ",180) | M4: 003 | N4: =_xlfn.CONCAT(K4,M4) -> 0000000000003 | O4: =LEN(N4) -> 13 | P4: =RIGHT(N4,10) -> 0000000003 | Q4: 0000000003 | R4: =_xlfn.CONCAT(F4,L4) -> Розница разное ОПТ | S4: =LEFT(R4,180) -> Розница разное ОПТ | T4: Розница разное ОПТ | U4: =_xlfn.CONCAT(L4,G4) | V4: =RIGHT(U4,25)
E5: 004 | F5: Андрей (Ясиноватая) | G5: 0713031515 | I5: 20210103 02 | K5: 0000000000 | L5: =REPT(" ",180) | M5: 004 | N5: =_xlfn.CONCAT(K5,M5) -> 0000000000004 | O5: =LEN(N5) -> 13 | P5: =RIGHT(N5,10) -> 0000000004 | Q5: 0000000004 | R5: =_xlfn.CONCAT(F5,L5) -> Андрей (Ясиноватая) | S5: =LEFT(R5,180) -> Андрей (Ясиноватая) | T5: Андрей (Ясиноватая) | U5: =_xlfn.CONCAT(L5,G5) -> 0713031515 | V5: =RIGHT(U5,25) -> 0713031515 | W5: 0713031515
E6: 005 | F6: Юрий (Снежное) | G6: 0713798238 | I6: 20210129 01 | K6: 0000000000 | L6: =REPT(" ",180) | M6: 005 | N6: =_xlfn.CONCAT(K6,M6) -> 0000000000005 | O6: =LEN(N6) -> 13 | P6: =RIGHT(N6,10) -> 0000000005 | Q6: 0000000005 | R6: =_xlfn.CONCAT(F6,L6) -> Юрий (Снежное) | S6: =LEFT(R6,180) -> Юрий (Снежное) | T6: Юрий (Снежное) | U6: =_xlfn.CONCAT(L6,G6) -> 0713798238 | V6: =RIGHT(U6,25) -> 0713798238 | W6: 0713798238
E7: 006 | F7: Артем Голубев+Тимофей+Игорь | G7: 0713347913 | H7: 0951617232 | K7: 0000000000 | L7: =REPT(" ",180) | M7: 006 | N7: =_xlfn.CONCAT(K7,M7) -> 0000000000006 | O7: =LEN(N7) -> 13 | P7: =RIGHT(N7,10) -> 0000000006 | Q7: 0000000006 | R7: =_xlfn.CONCAT(F7,L7) -> Артем Голубев+Тимофей+Игорь | S7: =LEFT(R7,180) -> Артем Голубев+Тимофей+Игорь | T7: Артем Голубев+Тимофей+Игорь | U7: =_xlfn.CONCAT(L7,G7) -> 0713347913 | V7: =RIGHT(U7,25) -> 0713347913 | W7: 0713347913
E8: 007 | F8: Наташа Алферова | G8: 0713699176 | I8: 20210223 02 | K8: 0000000000 | L8: =REPT(" ",180) | M8: 007 | N8: =_xlfn.CONCAT(K8,M8) -> 0000000000007 | O8: =LEN(N8) -> 13 | P8: =RIGHT(N8,10) -> 0000000007 | Q8: 0000000007 | R8: =_xlfn.CONCAT(F8,L8) -> Наташа Алферова | S8: =LEFT(R8,180) -> Наташа Алферова | T8: Наташа Алферова | U8: =_xlfn.CONCAT(L8,G8) -> 0713699176 | V8: =RIGHT(U8,25) -> 0713699176 | W8: 0713699176
E9: 008 | F9: Оля Импульс | G9: 0713853526 | I9: 20210223 03 | J9: Саша | K9: 0000000000 | L9: =REPT(" ",180) | M9: 008 | N9: =_xlfn.CONCAT(K9,M9) -> 0000000000008 | O9: =LEN(N9) -> 13 | P9: =RIGHT(N9,10) -> 0000000008 | Q9: 0000000008 | R9: =_xlfn.CONCAT(F9,L9) -> Оля Импульс | S9: =LEFT(R9,180) -> Оля Импульс | T9: Оля Импульс | U9: =_xlfn.CONCAT(L9,G9) -> 0713853526 | V9: =RIGHT(U9,25) -> 0713853526 | W9: 0713853526
E10: 009 | F10: Нистеренко Наташа | G10: 0713306420 | H10: 0502426174 | I10: 20210223 04 | J10: Бумага | K10: 0000000000 | L10: =REPT(" ",180) | M10: 009 | N10: =_xlfn.CONCAT(K10,M10) -> 0000000000009 | O10: =LEN(N10) -> 13 | P10: =RIGHT(N10,10) -> 0000000009 | Q10: 0000000009 | R10: =_xlfn.CONCAT(F10,L10) -> Нистеренко Наташа | S10: =LEFT(R10,180) -> Нистеренко Наташа | T10: Нистеренко Наташа | U10: =_xlfn.CONCAT(L10,G10) -> 0713306420 | V10: =RIGHT(U10,25) -> 0713306420 | W10: 0713306420
E11: 010 | F11: Наташа Шахтерск | G11: 0713260038 | I11: 20210223 05 | J11: Бумага | K11: 0000000000 | L11: =REPT(" ",180) | M11: 010 | N11: =_xlfn.CONCAT(K11,M11) -> 0000000000010 | O11: =LEN(N11) -> 13 | P11: =RIGHT(N11,10) -> 0000000010 | Q11: 0000000010 | R11: =_xlfn.CONCAT(F11,L11) -> Наташа Шахтерск | S11: =LEFT(R11,180) -> Наташа Шахтерск | T11: Наташа Шахтерск | U11: =_xlfn.CONCAT(L11,G11) -> 0713260038 | V11: =RIGHT(U11,25) -> 0713260038 | W11: 0713260038
E12: 011 | F12: Михаил Донпринт | G12: 0713030110 | I12: 20210223 06 | J12: Рекламное агенство | K12: 0000000000 | L12: =REPT(" ",180) | M12: 011 | N12: =_xlfn.CONCAT(K12,M12) -> 0000000000011 | O12: =LEN(N12) -> 13 | P12: =RIGHT(N12,10) -> 0000000011 | Q12: 0000000011 | R12: =_xlfn.CONCAT(F12,L12) -> Михаил Донпринт | S12: =LEFT(R12,180) -> Михаил Донпринт | T12: Михаил Донпринт | U12: =_xlfn.CONCAT(L12,G12) -> 0713030110 | V12: =RIGHT(U12,25) -> 0713030110 | W12: 0713030110
E13: 012 | F13: Богдан | G13: 0713090610 | I13: 20210223 07 | K13: 0000000000 | L13: =REPT(" ",180) | M13: 012 | N13: =_xlfn.CONCAT(K13,M13) -> 0000000000012 | O13: =LEN(N13) -> 13 | P13: =RIGHT(N13,10) -> 0000000012 | Q13: 0000000012 | R13: =_xlfn.CONCAT(F13,L13) -> Богдан | S13: =LEFT(R13,180) -> Богдан | T13: Богдан | U13: =_xlfn.CONCAT(L13,G13) -> 0713090610 | V13: =RIGHT(U13,25) -> 0713090610 | W13: 0713090610
E14: 013 | F14: Брич Евгений | G14: 0713224491 | I14: 20210223 08 | K14: 0000000000 | L14: =REPT(" ",180) | M14: 013 | N14: =_xlfn.CONCAT(K14,M14) -> 0000000000013 | O14: =LEN(N14) -> 13 | P14: =RIGHT(N14,10) -> 0000000013 | Q14: 0000000013 | R14: =_xlfn.CONCAT(F14,L14) -> Брич Евгений | S14: =LEFT(R14,180) -> Брич Евгений | T14: Брич Евгений | U14: =_xlfn.CONCAT(L14,G14) -> 0713224491 | V14: =RIGHT(U14,25) -> 0713224491 | W14: 0713224491
E15: 014 | F15: Дед Мороз Александр Анатольевич | G15: 0713751323 | I15: 20210223 09 | K15: 0000000000 | L15: =REPT(" ",180) | M15: 014 | N15: =_xlfn.CONCAT(K15,M15) -> 0000000000014 | O15: =LEN(N15) -> 13 | P15: =RIGHT(N15,10) -> 0000000014 | Q15: 0000000014 | R15: =_xlfn.CONCAT(F15,L15) -> Дед Мороз Александр Анатольевич | S15: =LEFT(R15,180) -> Дед Мороз Александр Анатольевич | T15: Дед Мороз Александр Анатольевич | U15: =_xlfn.CONCAT(L15,G15) -> 0713751323 | V15: =RIGHT(U15,25) -> 0713751323 | W15: 0713751323
E16: 015 | F16: Гайваронская Наталья Владиславовна | G16: 0713215803 | I16: 20210223 10 | K16: 0000000000 | L16: =REPT(" ",180) | M16: 015 | N16: =_xlfn.CONCAT(K16,M16) -> 0000000000015 | O16: =LEN(N16) -> 13 | P16: =RIGHT(N16,10) -> 0000000015 | Q16: 0000000015 | R16: =_xlfn.CONCAT(F16,L16) -> Гайваронская Наталья Владиславовна | S16: =LEFT(R16,180) -> Гайваронская Наталья Владиславовна | T16: Гайваронская Наталья Владиславовна | U16: =_xlfn.CONCAT(L16,G16) -> 0713215803 | V16: =RIGHT(U16,25) -> 0713215803 | W16: 0713215803
E17: 016 | F17: Ира Гунько | G17: 0713330637 | I17: 20210223 11 | K17: 0000000000 | L17: =REPT(" ",180) | M17: 016 | N17: =_xlfn.CONCAT(K17,M17) -> 0000000000016 | O17: =LEN(N17) -> 13 | P17: =RIGHT(N17,10) -> 0000000016 | Q17: 0000000016 | R17: =_xlfn.CONCAT(F17,L17) -> Ира Гунько | S17: =LEFT(R17,180) -> Ира Гунько | T17: Ира Гунько | U17: =_xlfn.CONCAT(L17,G17) -> 0713330637 | V17: =RIGHT(U17,25) -> 0713330637 | W17: 0713330637
E18: 017 | F18: Быкадоров Данил Снежное | G18: 0713270040 | I18: 20210223 12 | K18: 0000000000 | L18: =REPT(" ",180) | M18: 017 | N18: =_xlfn.CONCAT(K18,M18) -> 0000000000017 | O18: =LEN(N18) -> 13 | P18: =RIGHT(N18,10) -> 0000000017 | Q18: 0000000017 | R18: =_xlfn.CONCAT(F18,L18) -> Быкадоров Данил Снежное | S18: =LEFT(R18,180) -> Быкадоров Данил Снежное | T18: Быкадоров Данил Снежное | U18: =_xlfn.CONCAT(L18,G18) -> 0713270040 | V18: =RIGHT(U18,25) -> 0713270040 | W18: 0713270040
E19: 018 | F19: Даша Золотое кольцо | G19: 0714765177 | I19: 20210223 13 | K19: 0000000000 | L19: =REPT(" ",180) | M19: 018 | N19: =_xlfn.CONCAT(K19,M19) -> 0000000000018 | O19: =LEN(N19) -> 13 | P19: =RIGHT(N19,10) -> 0000000018 | Q19: 0000000018 | R19: =_xlfn.CONCAT(F19,L19) -> Даша Золотое кольцо | S19: =LEFT(R19,180) -> Даша Золотое кольцо | T19: Даша Золотое кольцо | U19: =_xlfn.CONCAT(L19,G19) -> 0714765177 | V19: =RIGHT(U19,25) -> 0714765177 | W19: 0714765177
E20: 019 | F20: Александр Владимирович фотограф | G20: 0714663992 | I20: 20210223 14 | K20: 0000000000 | L20: =REPT(" ",180) | M20: 019 | N20: =_xlfn.CONCAT(K20,M20) -> 0000000000019 | O20: =LEN(N20) -> 13 | P20: =RIGHT(N20,10) -> 0000000019 | Q20: 0000000019 | R20: =_xlfn.CONCAT(F20,L20) -> Александр Владимирович фотограф | S20: =LEFT(R20,180) -> Александр Владимирович фотограф | T20: Александр Владимирович фотограф | U20: =_xlfn.CONCAT(L20,G20) -> 0714663992 | V20: =RIGHT(U20,25) -> 0714663992 | W20: 0714663992
E21: 020 | F21: Липучки Алена Макеевка | G21: 0714137173 | I21: 20210223 15 | K21: 0000000000 | L21: =REPT(" ",180) | M21: 020 | N21: =_xlfn.CONCAT(K21,M21) -> 0000000000020 | O21: =LEN(N21) -> 13 | P21: =RIGHT(N21,10) -> 0000000020 | Q21: 0000000020 | R21: =_xlfn.CONCAT(F21,L21) -> Липучки Алена Макеевка | S21: =LEFT(R21,180) -> Липучки Алена Макеевка | T21: Липучки Алена Макеевка | U21: =_xlfn.CONCAT(L21,G21) -> 0714137173 | V21: =RIGHT(U21,25) -> 0714137173 | W21: 0714137173
E22: 021 | F22: ФЛП Барановский Александр | I22: 20210307 01 | K22: 0000000000 | L22: =REPT(" ",180) | M22: 021 | N22: =_xlfn.CONCAT(K22,M22) -> 0000000000021 | O22: =LEN(N22) -> 13 | P22: =RIGHT(N22,10) -> 0000000021 | Q22: 0000000021 | R22: =_xlfn.CONCAT(F22,L22) -> ФЛП Барановский Александр | S22: =LEFT(R22,180) -> ФЛП Барановский Александр | T22: ФЛП Барановский Александр | U22: =_xlfn.CONCAT(L22,G22) | V22: =RIGHT(U22,25)
E23: 022 | F23: Ванин Сергей Алексеевич Докучаевск | G23: 0713137284 | I23: 20210307 02 | K23: 0000000000 | L23: =REPT(" ",180) | M23: 022 | N23: =_xlfn.CONCAT(K23,M23) -> 0000000000022 | O23: =LEN(N23) -> 13 | P23: =RIGHT(N23,10) -> 0000000022 | Q23: 0000000022 | R23: =_xlfn.CONCAT(F23,L23) -> Ванин Сергей Алексеевич Докучаевск | S23: =LEFT(R23,180) -> Ванин Сергей Алексеевич Докучаевск | T23: Ванин Сергей Алексеевич Докучаевск | U23: =_xlfn.CONCAT(L23,G23) -> 0713137284 | V23: =RIGHT(U23,25) -> 0713137284 | W23: 0713137284
E24: 023 | F24: НА ШАРУ - рынок | I24: 20210307 03 | K24: 0000000000 | L24: =REPT(" ",180) | M24: 023 | N24: =_xlfn.CONCAT(K24,M24) -> 0000000000023 | O24: =LEN(N24) -> 13 | P24: =RIGHT(N24,10) -> 0000000023 | Q24: 0000000023 | R24: =_xlfn.CONCAT(F24,L24) -> НА ШАРУ - рынок | S24: =LEFT(R24,180) -> НА ШАРУ - рынок | T24: НА ШАРУ - рынок | U24: =_xlfn.CONCAT(L24,G24) | V24: =RIGHT(U24,25)
E25: 024 | F25: Игорь Львович Юра | G25: 0713218918 | I25: 20210307 04 | K25: 0000000000 | L25: =REPT(" ",180) | M25: 024 | N25: =_xlfn.CONCAT(K25,M25) -> 0000000000024 | O25: =LEN(N25) -> 13 | P25: =RIGHT(N25,10) -> 0000000024 | Q25: 0000000024 | R25: =_xlfn.CONCAT(F25,L25) -> Игорь Львович Юра | S25: =LEFT(R25,180) -> Игорь Львович Юра | T25: Игорь Львович Юра | U25: =_xlfn.CONCAT(L25,G25) -> 0713218918 | V25: =RIGHT(U25,25) -> 0713218918 | W25: 0713218918
E26: 025 | F26: 196 Александр | G26: 0713148348 | I26: 20210307 05 | K26: 0000000000 | L26: =REPT(" ",180) | M26: 025 | N26: =_xlfn.CONCAT(K26,M26) -> 0000000000025 | O26: =LEN(N26) -> 13 | P26: =RIGHT(N26,10) -> 0000000025 | Q26: 0000000025 | R26: =_xlfn.CONCAT(F26,L26) -> 196 Александр | S26: =LEFT(R26,180) -> 196 Александр | T26: 196 Александр | U26: =_xlfn.CONCAT(L26,G26) -> 0713148348 | V26: =RIGHT(U26,25) -> 0713148348 | W26: 0713148348
E27: 026 | F27: Борис Викторович Енакиево Электроника | I27: 20210307 06 | K27: 0000000000 | L27: =REPT(" ",180) | M27: 026 | N27: =_xlfn.CONCAT(K27,M27) -> 0000000000026 | O27: =LEN(N27) -> 13 | P27: =RIGHT(N27,10) -> 0000000026 | Q27: 0000000026 | R27: =_xlfn.CONCAT(F27,L27) -> Борис Викторович Енакиево Электроника | S27: =LEFT(R27,180) -> Борис Викторович Енакиево Электроника | T27: Борис Викторович Енакиево Электроника | U27: =_xlfn.CONCAT(L27,G27) | V27: =RIGHT(U27,25)
E28: 027 | F28: Сидоренко Петровка Донецк | G28: 0713315352 | I28: 20210307 07 | K28: 0000000000 | L28: =REPT(" ",180) | M28: 027 | N28: =_xlfn.CONCAT(K28,M28) -> 0000000000027 | O28: =LEN(N28) -> 13 | P28: =RIGHT(N28,10) -> 0000000027 | Q28: 0000000027 | R28: =_xlfn.CONCAT(F28,L28) -> Сидоренко Петровка Донецк | S28: =LEFT(R28,180) -> Сидоренко Петровка Донецк | T28: Сидоренко Петровка Донецк | U28: =_xlfn.CONCAT(L28,G28) -> 0713315352 | V28: =RIGHT(U28,25) -> 0713315352 | W28: 0713315352
E29: 028 | F29: ФЛП Чуприн Юра | G29: 0713360190 | I29: 20210307 08 | K29: 0000000000 | L29: =REPT(" ",180) | M29: 028 | N29: =_xlfn.CONCAT(K29,M29) -> 0000000000028 | O29: =LEN(N29) -> 13 | P29: =RIGHT(N29,10) -> 0000000028 | Q29: 0000000028 | R29: =_xlfn.CONCAT(F29,L29) -> ФЛП Чуприн Юра | S29: =LEFT(R29,180) -> ФЛП Чуприн Юра | T29: ФЛП Чуприн Юра | U29: =_xlfn.CONCAT(L29,G29) -> 0713360190 | V29: =RIGHT(U29,25) -> 0713360190 | W29: 0713360190
E30: 029 | F30: Администрация | I30: 20210307 09 | K30: 0000000000 | L30: =REPT(" ",180) | M30: 029 | N30: =_xlfn.CONCAT(K30,M30) -> 0000000000029 | O30: =LEN(N30) -> 13 | P30: =RIGHT(N30,10) -> 0000000029 | Q30: 0000000029 | R30: =_xlfn.CONCAT(F30,L30) -> Администрация | S30: =LEFT(R30,180) -> Администрация | T30: Администрация | U30: =_xlfn.CONCAT(L30,G30) | V30: =RIGHT(U30,25)
E31: 030 | F31: Людмила Степановна | G31: 0713114488 | I31: 20210307 10 | K31: 0000000000 | L31: =REPT(" ",180) | M31: 030 | N31: =_xlfn.CONCAT(K31,M31) -> 0000000000030 | O31: =LEN(N31) -> 13 | P31: =RIGHT(N31,10) -> 0000000030 | Q31: 0000000030 | R31: =_xlfn.CONCAT(F31,L31) -> Людмила Степановна | S31: =LEFT(R31,180) -> Людмила Степановна | T31: Людмила Степановна | U31: =_xlfn.CONCAT(L31,G31) -> 0713114488 | V31: =RIGHT(U31,25) -> 0713114488 | W31: 0713114488
E32: 031 | F32: Руслан Снежное | I32: 20210307 11 | K32: 0000000000 | L32: =REPT(" ",180) | M32: 031 | N32: =_xlfn.CONCAT(K32,M32) -> 0000000000031 | O32: =LEN(N32) -> 13 | P32: =RIGHT(N32,10) -> 0000000031 | Q32: 0000000031 | R32: =_xlfn.CONCAT(F32,L32) -> Руслан Снежное | S32: =LEFT(R32,180) -> Руслан Снежное | T32: Руслан Снежное | U32: =_xlfn.CONCAT(L32,G32) | V32: =RIGHT(U32,25)
E33: 032 | F33: Игорь АБС ABC | G33: 0713407565 | I33: 20210307 12 | K33: 0000000000 | L33: =REPT(" ",180) | M33: 032 | N33: =_xlfn.CONCAT(K33,M33) -> 0000000000032 | O33: =LEN(N33) -> 13 | P33: =RIGHT(N33,10) -> 0000000032 | Q33: 0000000032 | R33: =_xlfn.CONCAT(F33,L33) -> Игорь АБС ABC | S33: =LEFT(R33,180) -> Игорь АБС ABC | T33: Игорь АБС ABC | U33: =_xlfn.CONCAT(L33,G33) -> 0713407565 | V33: =RIGHT(U33,25) -> 0713407565 | W33: 0713407565
E34: 033 | F34: Варлянский Валерий | G34: 0713664072 | I34: 20210307 13 | K34: 0000000000 | L34: =REPT(" ",180) | M34: 033 | N34: =_xlfn.CONCAT(K34,M34) -> 0000000000033 | O34: =LEN(N34) -> 13 | P34: =RIGHT(N34,10) -> 0000000033 | Q34: 0000000033 | R34: =_xlfn.CONCAT(F34,L34) -> Варлянский Валерий | S34: =LEFT(R34,180) -> Варлянский Валерий | T34: Варлянский Валерий | U34: =_xlfn.CONCAT(L34,G34) -> 0713664072 | V34: =RIGHT(U34,25) -> 0713664072 | W34: 0713664072
E35: 034 | F35: ФЛП Кислякова-Осипенко | G35: 0713397760 | I35: 20210307 14 | K35: 0000000000 | L35: =REPT(" ",180) | M35: 034 | N35: =_xlfn.CONCAT(K35,M35) -> 0000000000034 | O35: =LEN(N35) -> 13 | P35: =RIGHT(N35,10) -> 0000000034 | Q35: 0000000034 | R35: =_xlfn.CONCAT(F35,L35) -> ФЛП Кислякова-Осипенко | S35: =LEFT(R35,180) -> ФЛП Кислякова-Осипенко | T35: ФЛП Кислякова-Осипенко | U35: =_xlfn.CONCAT(L35,G35) -> 0713397760 | V35: =RIGHT(U35,25) -> 0713397760 | W35: 0713397760
E36: 035 | F36: Юля Тан | G36: 071 | I36: 20210307 15 | K36: 0000000000 | L36: =REPT(" ",180) | M36: 035 | N36: =_xlfn.CONCAT(K36,M36) -> 0000000000035 | O36: =LEN(N36) -> 13 | P36: =RIGHT(N36,10) -> 0000000035 | Q36: 0000000035 | R36: =_xlfn.CONCAT(F36,L36) -> Юля Тан | S36: =LEFT(R36,180) -> Юля Тан | T36: Юля Тан | U36: =_xlfn.CONCAT(L36,G36) -> 071 | V36: =RIGHT(U36,25) -> 071 | W36: 071
E37: 036 | F37: ФЛП Черевайко Андрей Николаевич | G37: 0713190950 | I37: 20210307 16 | K37: 0000000000 | L37: =REPT(" ",180) | M37: 036 | N37: =_xlfn.CONCAT(K37,M37) -> 0000000000036 | O37: =LEN(N37) -> 13 | P37: =RIGHT(N37,10) -> 0000000036 | Q37: 0000000036 | R37: =_xlfn.CONCAT(F37,L37) -> ФЛП Черевайко Андрей Николаевич | S37: =LEFT(R37,180) -> ФЛП Черевайко Андрей Николаевич | T37: ФЛП Черевайко Андрей Николаевич | U37: =_xlfn.CONCAT(L37,G37) -> 0713190950 | V37: =RIGHT(U37,25) -> 0713190950 | W37: 0713190950
E38: 037 | F38: Еременко Дима | G38: 0714671087 | I38: 20210307 17 | K38: 0000000000 | L38: =REPT(" ",180) | M38: 037 | N38: =_xlfn.CONCAT(K38,M38) -> 0000000000037 | O38: =LEN(N38) -> 13 | P38: =RIGHT(N38,10) -> 0000000037 | Q38: 0000000037 | R38: =_xlfn.CONCAT(F38,L38) -> Еременко Дима | S38: =LEFT(R38,180) -> Еременко Дима | T38: Еременко Дима | U38: =_xlfn.CONCAT(L38,G38) -> 0714671087 | V38: =RIGHT(U38,25) -> 0714671087 | W38: 0714671087
E39: 038 | F39: ФЛП Барбатун Вадим Олегович | G39: 0714751449 | I39: 20210307 18 | K39: 0000000000 | L39: =REPT(" ",180) | M39: 038 | N39: =_xlfn.CONCAT(K39,M39) -> 0000000000038 | O39: =LEN(N39) -> 13 | P39: =RIGHT(N39,10) -> 0000000038 | Q39: 0000000038 | R39: =_xlfn.CONCAT(F39,L39) -> ФЛП Барбатун Вадим Олегович | S39: =LEFT(R39,180) -> ФЛП Барбатун Вадим Олегович | T39: ФЛП Барбатун Вадим Олегович | U39: =_xlfn.CONCAT(L39,G39) -> 0714751449 | V39: =RIGHT(U39,25) -> 0714751449 | W39: 0714751449
E40: 039 | F40: Женя Полиграф | I40: 20210307 19 | K40: 0000000000 | L40: =REPT(" ",180) | M40: 039 | N40: =_xlfn.CONCAT(K40,M40) -> 0000000000039 | O40: =LEN(N40) -> 13 | P40: =RIGHT(N40,10) -> 0000000039 | Q40: 0000000039 | R40: =_xlfn.CONCAT(F40,L40) -> Женя Полиграф | S40: =LEFT(R40,180) -> Женя Полиграф | T40: Женя Полиграф | U40: =_xlfn.CONCAT(L40,G40) | V40: =RIGHT(U40,25)
E41: 040 | F41: Самосват Александр | G41: 0713338658 | I41: 20210307 20 | K41: 0000000000 | L41: =REPT(" ",180) | M41: 040 | N41: =_xlfn.CONCAT(K41,M41) -> 0000000000040 | O41: =LEN(N41) -> 13 | P41: =RIGHT(N41,10) -> 0000000040 | Q41: 0000000040 | R41: =_xlfn.CONCAT(F41,L41) -> Самосват Александр | S41: =LEFT(R41,180) -> Самосват Александр | T41: Самосват Александр | U41: =_xlfn.CONCAT(L41,G41) -> 0713338658 | V41: =RIGHT(U41,25) -> 0713338658 | W41: 0713338658
E42: 041 | F42: Яковленко Наталья | G42: 0713338659 | I42: 20210307 21 | K42: 0000000000 | L42: =REPT(" ",180) | M42: 041 | N42: =_xlfn.CONCAT(K42,M42) -> 0000000000041 | O42: =LEN(N42) -> 13 | P42: =RIGHT(N42,10) -> 0000000041 | Q42: 0000000041 | R42: =_xlfn.CONCAT(F42,L42) -> Яковленко Наталья | S42: =LEFT(R42,180) -> Яковленко Наталья | T42: Яковленко Наталья | U42: =_xlfn.CONCAT(L42,G42) -> 0713338659 | V42: =RIGHT(U42,25) -> 0713338659 | W42: 0713338659
E43: 042 | F43: Шевченко Саша | G43: 0713306227 | I43: 20210307 22 | K43: 0000000000 | L43: =REPT(" ",180) | M43: 042 | N43: =_xlfn.CONCAT(K43,M43) -> 0000000000042 | O43: =LEN(N43) -> 13 | P43: =RIGHT(N43,10) -> 0000000042 | Q43: 0000000042 | R43: =_xlfn.CONCAT(F43,L43) -> Шевченко Саша | S43: =LEFT(R43,180) -> Шевченко Саша | T43: Шевченко Саша | U43: =_xlfn.CONCAT(L43,G43) -> 0713306227 | V43: =RIGHT(U43,25) -> 0713306227 | W43: 0713306227
E44: 043 | F44: Топорков Артем Торез | G44: 0713726509 | I44: 20210307 23 | K44: 0000000000 | L44: =REPT(" ",180) | M44: 043 | N44: =_xlfn.CONCAT(K44,M44) -> 0000000000043 | O44: =LEN(N44) -> 13 | P44: =RIGHT(N44,10) -> 0000000043 | Q44: 0000000043 | R44: =_xlfn.CONCAT(F44,L44) -> Топорков Артем Торез | S44: =LEFT(R44,180) -> Топорков Артем Торез | T44: Топорков Артем Торез | U44: =_xlfn.CONCAT(L44,G44) -> 0713726509 | V44: =RIGHT(U44,25) -> 0713726509 | W44: 0713726509
E45: 044 | F45: Тимошевский Виталий | G45: 0713771819 | I45: 20210307 24 | K45: 0000000000 | L45: =REPT(" ",180) | M45: 044 | N45: =_xlfn.CONCAT(K45,M45) -> 0000000000044 | O45: =LEN(N45) -> 13 | P45: =RIGHT(N45,10) -> 0000000044 | Q45: 0000000044 | R45: =_xlfn.CONCAT(F45,L45) -> Тимошевский Виталий | S45: =LEFT(R45,180) -> Тимошевский Виталий | T45: Тимошевский Виталий | U45: =_xlfn.CONCAT(L45,G45) -> 0713771819 | V45: =RIGHT(U45,25) -> 0713771819 | W45: 0713771819
E46: 045 | F46: ФЛП Павлюк Александр | G46: 0714158409 | I46: 20210101 01 | K46: 0000000000 | L46: =REPT(" ",180) | M46: 045 | N46: =_xlfn.CONCAT(K46,M46) -> 0000000000045 | O46: =LEN(N46) -> 13 | P46: =RIGHT(N46,10) -> 0000000045 | Q46: 0000000045 | R46: =_xlfn.CONCAT(F46,L46) -> ФЛП Павлюк Александр | S46: =LEFT(R46,180) -> ФЛП Павлюк Александр | T46: ФЛП Павлюк Александр | U46: =_xlfn.CONCAT(L46,G46) -> 0714158409 | V46: =RIGHT(U46,25) -> 0714158409 | W46: 0714158409
E47: 046 | F47: ФЛП Барановский Александр | G47: 0713843781 | I47: 20210101 02 | K47: 0000000000 | L47: =REPT(" ",180) | M47: 046 | N47: =_xlfn.CONCAT(K47,M47) -> 0000000000046 | O47: =LEN(N47) -> 13 | P47: =RIGHT(N47,10) -> 0000000046 | Q47: 0000000046 | R47: =_xlfn.CONCAT(F47,L47) -> ФЛП Барановский Александр | S47: =LEFT(R47,180) -> ФЛП Барановский Александр | T47: ФЛП Барановский Александр | U47: =_xlfn.CONCAT(L47,G47) -> 0713843781 | V47: =RIGHT(U47,25) -> 0713843781 | W47: 0713843781
E48: 047 | F48: Сергей Викторович ООО Селд | G48: 0713825331 | I48: 20210101 03 | K48: 0000000000 | L48: =REPT(" ",180) | M48: 047 | N48: =_xlfn.CONCAT(K48,M48) -> 0000000000047 | O48: =LEN(N48) -> 13 | P48: =RIGHT(N48,10) -> 0000000047 | Q48: 0000000047 | R48: =_xlfn.CONCAT(F48,L48) -> Сергей Викторович ООО Селд | S48: =LEFT(R48,180) -> Сергей Викторович ООО Селд | T48: Сергей Викторович ООО Селд | U48: =_xlfn.CONCAT(L48,G48) -> 0713825331 | V48: =RIGHT(U48,25) -> 0713825331 | W48: 0713825331
E49: 048 | F49: Денис Снежное 0714617355 | G49: 0714617355 | I49: 20210101 04 | K49: 0000000000 | L49: =REPT(" ",180) | M49: 048 | N49: =_xlfn.CONCAT(K49,M49) -> 0000000000048 | O49: =LEN(N49) -> 13 | P49: =RIGHT(N49,10) -> 0000000048 | Q49: 0000000048 | R49: =_xlfn.CONCAT(F49,L49) -> Денис Снежное 0714617355 | S49: =LEFT(R49,180) -> Денис Снежное 0714617355 | T49: Денис Снежное 0714617355 | U49: =_xlfn.CONCAT(L49,G49) -> 0714617355 | V49: =RIGHT(U49,25) -> 0714617355 | W49: 0714617355
E50: 049 | F50: Наташа Ясиноватая бартер | G50: 0713091445 | I50: 20210101 05 | K50: 0000000000 | L50: =REPT(" ",180) | M50: 049 | N50: =_xlfn.CONCAT(K50,M50) -> 0000000000049 | O50: =LEN(N50) -> 13 | P50: =RIGHT(N50,10) -> 0000000049 | Q50: 0000000049 | R50: =_xlfn.CONCAT(F50,L50) -> Наташа Ясиноватая бартер | S50: =LEFT(R50,180) -> Наташа Ясиноватая бартер | T50: Наташа Ясиноватая бартер | U50: =_xlfn.CONCAT(L50,G50) -> 0713091445 | V50: =RIGHT(U50,25) -> 0713091445 | W50: 0713091445
E51: 050 | F51: Игорь Пельмени | G51: 0713592605 | I51: 20210101 06 | K51: 0000000000 | L51: =REPT(" ",180) | M51: 050 | N51: =_xlfn.CONCAT(K51,M51) -> 0000000000050 | O51: =LEN(N51) -> 13 | P51: =RIGHT(N51,10) -> 0000000050 | Q51: 0000000050 | R51: =_xlfn.CONCAT(F51,L51) -> Игорь Пельмени | S51: =LEFT(R51,180) -> Игорь Пельмени | T51: Игорь Пельмени | U51: =_xlfn.CONCAT(L51,G51) -> 0713592605 | V51: =RIGHT(U51,25) -> 0713592605 | W51: 0713592605
E52: 051 | F52: Торговый Университет Владимир | G52: 0713653269 | I52: 20210101 07 | K52: 0000000000 | L52: =REPT(" ",180) | M52: 051 | N52: =_xlfn.CONCAT(K52,M52) -> 0000000000051 | O52: =LEN(N52) -> 13 | P52: =RIGHT(N52,10) -> 0000000051 | Q52: 0000000051 | R52: =_xlfn.CONCAT(F52,L52) -> Торговый Университет Владимир | S52: =LEFT(R52,180) -> Торговый Университет Владимир | T52: Торговый Университет Владимир | U52: =_xlfn.CONCAT(L52,G52) -> 0713653269 | V52: =RIGHT(U52,25) -> 0713653269 | W52: 0713653269
... E60: 059 | F60: Мищенко Сергей | G60: 0713229414 | I60: 20210615 00 | K60: 0000000000 | L60: =REPT(" ",180) | M60: 059 | N60: =_xlfn.CONCAT(K60,M60) -> 0000000000059 | O60: =LEN(N60) -> 13 | P60: =RIGHT(N60,10) -> 0000000059 | Q60: 0000000059 | R60: =_xlfn.CONCAT(F60,L60) -> Мищенко Сергей | S60: =LEFT(R60,180) -> Мищенко Сергей | T60: Мищенко Сергей | U60: =_xlfn.CONCAT(L60,G60) -> 0713229414 | V60: =RIGHT(U60,25) -> 0713229414 | W60: 0713229414
E61: 060 | F61: ФЛП Губанова | G61: 0712391969 | K61: 0000000000 | L61: =REPT(" ",180) | M61: 060 | N61: =_xlfn.CONCAT(K61,M61) -> 0000000000060 | O61: =LEN(N61) -> 13 | P61: =RIGHT(N61,10) -> 0000000060 | Q61: 0000000060 | R61: =_xlfn.CONCAT(F61,L61) -> ФЛП Губанова | S61: =LEFT(R61,180) -> ФЛП Губанова | T61: ФЛП Губанова | U61: =_xlfn.CONCAT(L61,G61) -> 0712391969 | V61: =RIGHT(U61,25) -> 0712391969 | W61: 0712391969
E62: 061 | F62: ФЛП Гарбузов Александр | G62: 0713224491 | K62: 0000000000 | L62: =REPT(" ",180) | M62: 061 | N62: =_xlfn.CONCAT(K62,M62) -> 0000000000061 | O62: =LEN(N62) -> 13 | P62: =RIGHT(N62,10) -> 0000000061 | Q62: 0000000061 | R62: =_xlfn.CONCAT(F62,L62) -> ФЛП Гарбузов Александр | S62: =LEFT(R62,180) -> ФЛП Гарбузов Александр | T62: ФЛП Гарбузов Александр | U62: =_xlfn.CONCAT(L62,G62) -> 0713224491 | V62: =RIGHT(U62,25) -> 0713224491 | W62: 0713224491
E63: 062 | F63: Енакиево бумага | G63: 0713518362 | K63: 0000000000 | L63: =REPT(" ",180) | M63: 062 | N63: =_xlfn.CONCAT(K63,M63) -> 0000000000062 | O63: =LEN(N63) -> 13 | P63: =RIGHT(N63,10) -> 0000000062 | Q63: 0000000062 | R63: =_xlfn.CONCAT(F63,L63) -> Енакиево бумага | S63: =LEFT(R63,180) -> Енакиево бумага | T63: Енакиево бумага | U63: =_xlfn.CONCAT(L63,G63) -> 0713518362 | V63: =RIGHT(U63,25) -> 0713518362 | W63: 0713518362
E64: 063 | F64: Гена Назаркин ( 17 ) | G64: 0713076372 | K64: 0000000000 | L64: =REPT(" ",180) | M64: 063 | N64: =_xlfn.CONCAT(K64,M64) -> 0000000000063 | O64: =LEN(N64) -> 13 | P64: =RIGHT(N64,10) -> 0000000063 | Q64: 0000000063 | R64: =_xlfn.CONCAT(F64,L64) -> Гена Назаркин ( 17 ) | S64: =LEFT(R64,180) -> Гена Назаркин ( 17 ) | T64: Гена Назаркин ( 17 ) | U64: =_xlfn.CONCAT(L64,G64) -> 0713076372 | V64: =RIGHT(U64,25) -> 0713076372 | W64: 0713076372
E65: 064 | F65: ФЛП Буряк | G65: 0713097963 | K65: 0000000000 | L65: =REPT(" ",180) | M65: 064 | N65: =_xlfn.CONCAT(K65,M65) -> 0000000000064 | O65: =LEN(N65) -> 13 | P65: =RIGHT(N65,10) -> 0000000064 | Q65: 0000000064 | R65: =_xlfn.CONCAT(F65,L65) -> ФЛП Буряк | S65: =LEFT(R65,180) -> ФЛП Буряк | T65: ФЛП Буряк | U65: =_xlfn.CONCAT(L65,G65) -> 0713097963 | V65: =RIGHT(U65,25) -> 0713097963 | W65: 0713097963
E66: 065 | F66: Роман Мачнев | G66: 0713483130 | K66: 0000000000 | L66: =REPT(" ",180) | M66: 065 | N66: =_xlfn.CONCAT(K66,M66) -> 0000000000065 | O66: =LEN(N66) -> 13 | P66: =RIGHT(N66,10) -> 0000000065 | Q66: 0000000065 | R66: =_xlfn.CONCAT(F66,L66) -> Роман Мачнев | S66: =LEFT(R66,180) -> Роман Мачнев | T66: Роман Мачнев | U66: =_xlfn.CONCAT(L66,G66) -> 0713483130 | V66: =RIGHT(U66,25) -> 0713483130 | W66: 0713483130
E67: 066 | F67: Бородин Андрей Владимирович | G67: 0713546080 | K67: 0000000000 | L67: =REPT(" ",180) | M67: 066 | N67: =_xlfn.CONCAT(K67,M67) -> 0000000000066 | O67: =LEN(N67) -> 13 | P67: =RIGHT(N67,10) -> 0000000066 | Q67: 0000000066 | R67: =_xlfn.CONCAT(F67,L67) -> Бородин Андрей Владимирович | S67: =LEFT(R67,180) -> Бородин Андрей Владимирович | T67: Бородин Андрей Владимирович | U67: =_xlfn.CONCAT(L67,G67) -> 0713546080 | V67: =RIGHT(U67,25) -> 0713546080 | W67: 0713546080
E68: 067 | F68: Сиданич Вита | G68: 0713962728 | K68: 0000000000 | L68: =REPT(" ",180) | M68: 067 | N68: =_xlfn.CONCAT(K68,M68) -> 0000000000067 | O68: =LEN(N68) -> 13 | P68: =RIGHT(N68,10) -> 0000000067 | Q68: 0000000067 | R68: =_xlfn.CONCAT(F68,L68) -> Сиданич Вита | S68: =LEFT(R68,180) -> Сиданич Вита | T68: Сиданич Вита | U68: =_xlfn.CONCAT(L68,G68) -> 0713962728 | V68: =RIGHT(U68,25) -> 0713962728 | W68: 0713962728
E69: 068 | F69: ФЛП Арсенина | K69: 0000000000 | L69: =REPT(" ",180) | M69: 068 | N69: =_xlfn.CONCAT(K69,M69) -> 0000000000068 | O69: =LEN(N69) -> 13 | P69: =RIGHT(N69,10) -> 0000000068 | Q69: 0000000068 | R69: =_xlfn.CONCAT(F69,L69) -> ФЛП Арсенина | S69: =LEFT(R69,180) -> ФЛП Арсенина | T69: ФЛП Арсенина | U69: =_xlfn.CONCAT(L69,G69) | V69: =RIGHT(U69,25)
E70: 069 | F70: Конорева Ирина г. Ждановка | G70: 0713104406 | K70: 0000000000 | L70: =REPT(" ",180) | M70: 069 | N70: =_xlfn.CONCAT(K70,M70) -> 0000000000069 | O70: =LEN(N70) -> 13 | P70: =RIGHT(N70,10) -> 0000000069 | Q70: 0000000069 | R70: =_xlfn.CONCAT(F70,L70) -> Конорева Ирина г. Ждановка | S70: =LEFT(R70,180) -> Конорева Ирина г. Ждановка | T70: Конорева Ирина г. Ждановка | U70: =_xlfn.CONCAT(L70,G70) -> 0713104406 | V70: =RIGHT(U70,25) -> 0713104406 | W70: 0713104406
E71: 070 | F71: Булыга Борис | G71: 0713131156 | K71: 0000000000 | L71: =REPT(" ",180) | M71: 070 | N71: =_xlfn.CONCAT(K71,M71) -> 0000000000070 | O71: =LEN(N71) -> 13 | P71: =RIGHT(N71,10) -> 0000000070 | Q71: 0000000070 | R71: =_xlfn.CONCAT(F71,L71) -> Булыга Борис | S71: =LEFT(R71,180) -> Булыга Борис | T71: Булыга Борис | U71: =_xlfn.CONCAT(L71,G71) -> 0713131156 | V71: =RIGHT(U71,25) -> 0713131156 | W71: 0713131156
E72: 071 | F72: Качалов Дима | G72: 0714822942 | K72: 0000000000 | L72: =REPT(" ",180) | M72: 071 | N72: =_xlfn.CONCAT(K72,M72) -> 0000000000071 | O72: =LEN(N72) -> 13 | P72: =RIGHT(N72,10) -> 0000000071 | Q72: 0000000071 | R72: =_xlfn.CONCAT(F72,L72) -> Качалов Дима | S72: =LEFT(R72,180) -> Качалов Дима | T72: Качалов Дима | U72: =_xlfn.CONCAT(L72,G72) -> 0714822942 | V72: =RIGHT(U72,25) -> 0714822942 | W72: 0714822942
E73: 072 | F73: ООО СЕЛТ Павленко Сергей Викторович | K73: 0000000000 | L73: =REPT(" ",180) | M73: 072 | N73: =_xlfn.CONCAT(K73,M73) -> 0000000000072 | O73: =LEN(N73) -> 13 | P73: =RIGHT(N73,10) -> 0000000072 | Q73: 0000000072 | R73: =_xlfn.CONCAT(F73,L73) -> ООО СЕЛТ Павленко Сергей Викторович | S73: =LEFT(R73,180) -> ООО СЕЛТ Павленко Сергей Викторович | T73: ООО СЕЛТ Павленко Сергей Викторович | U73: =_xlfn.CONCAT(L73,G73) | V73: =RIGHT(U73,25)
E74: 073 | F74: Сергей Директор | G74: 0713496076 | K74: 0000000000 | L74: =REPT(" ",180) | M74: 073 | N74: =_xlfn.CONCAT(K74,M74) -> 0000000000073 | O74: =LEN(N74) -> 13 | P74: =RIGHT(N74,10) -> 0000000073 | Q74: 0000000073 | R74: =_xlfn.CONCAT(F74,L74) -> Сергей Директор | S74: =LEFT(R74,180) -> Сергей Директор | T74: Сергей Директор | U74: =_xlfn.CONCAT(L74,G74) -> 0713496076 | V74: =RIGHT(U74,25) -> 0713496076 | W74: 0713496076
E75: 074 | F75: Людмила Степановна | G75: 0713114488 | K75: 0000000000 | L75: =REPT(" ",180) | M75: 074 | N75: =_xlfn.CONCAT(K75,M75) -> 0000000000074 | O75: =LEN(N75) -> 13 | P75: =RIGHT(N75,10) -> 0000000074 | Q75: 0000000074 | R75: =_xlfn.CONCAT(F75,L75) -> Людмила Степановна | S75: =LEFT(R75,180) -> Людмила Степановна | T75: Людмила Степановна | U75: =_xlfn.CONCAT(L75,G75) -> 0713114488 | V75: =RIGHT(U75,25) -> 0713114488 | W75: 0713114488
E76: 075 | F76: Артем Шахтерск | G76: 0715065904 | K76: 0000000000 | L76: =REPT(" ",180) | M76: 075 | N76: =_xlfn.CONCAT(K76,M76) -> 0000000000075 | O76: =LEN(N76) -> 13 | P76: =RIGHT(N76,10) -> 0000000075 | Q76: 0000000075 | R76: =_xlfn.CONCAT(F76,L76) -> Артем Шахтерск | S76: =LEFT(R76,180) -> Артем Шахтерск | T76: Артем Шахтерск | U76: =_xlfn.CONCAT(L76,G76) -> 0715065904 | V76: =RIGHT(U76,25) -> 0715065904 | W76: 0715065904
E77: 076 | F77: Роман Шевченко Комсомольск | G77: 0713978430 | K77: 0000000000 | L77: =REPT(" ",180) | M77: 076 | N77: =_xlfn.CONCAT(K77,M77) -> 0000000000076 | O77: =LEN(N77) -> 13 | P77: =RIGHT(N77,10) -> 0000000076 | Q77: 0000000076 | R77: =_xlfn.CONCAT(F77,L77) -> Роман Шевченко Комсомольск | S77: =LEFT(R77,180) -> Роман Шевченко Комсомольск | T77: Роман Шевченко Комсомольск | U77: =_xlfn.CONCAT(L77,G77) -> 0713978430 | V77: =RIGHT(U77,25) -> 0713978430 | W77: 0713978430
E78: 077 | F78: АНДРЕЙ 88 | G78: 0712013279 | K78: 0000000000 | L78: =REPT(" ",180) | M78: 077 | N78: =_xlfn.CONCAT(K78,M78) -> 0000000000077 | O78: =LEN(N78) -> 13 | P78: =RIGHT(N78,10) -> 0000000077 | Q78: 0000000077 | R78: =_xlfn.CONCAT(F78,L78) -> АНДРЕЙ 88 | S78: =LEFT(R78,180) -> АНДРЕЙ 88 | T78: АНДРЕЙ 88 | U78: =_xlfn.CONCAT(L78,G78) -> 0712013279 | V78: =RIGHT(U78,25) -> 0712013279 | W78: 0712013279
E79: 078 | F79: Юля | K79: 0000000000 | L79: =REPT(" ",180) | M79: 078 | N79: =_xlfn.CONCAT(K79,M79) -> 0000000000078 | O79: =LEN(N79) -> 13 | P79: =RIGHT(N79,10) -> 0000000078 | Q79: 0000000078 | R79: =_xlfn.CONCAT(F79,L79) -> Юля | S79: =LEFT(R79,180) -> Юля | T79: Юля | U79: =_xlfn.CONCAT(L79,G79) | V79: =RIGHT(U79,25)
E80: 079 | F80: МОБИ БУМ Максим | G80: 0713330880 | K80: 0000000000 | L80: =REPT(" ",180) | M80: 079 | N80: =_xlfn.CONCAT(K80,M80) -> 0000000000079 | O80: =LEN(N80) -> 13 | P80: =RIGHT(N80,10) -> 0000000079 | Q80: 0000000079 | R80: =_xlfn.CONCAT(F80,L80) -> МОБИ БУМ Максим | S80: =LEFT(R80,180) -> МОБИ БУМ Максим | T80: МОБИ БУМ Максим | U80: =_xlfn.CONCAT(L80,G80) -> 0713330880 | V80: =RIGHT(U80,25) -> 0713330880 | W80: 0713330880
E81: 080 | F81: Ходорченко Виталий Викторович | G81: 0715145571 | K81: 0000000000 | L81: =REPT(" ",180) | M81: 080 | N81: =_xlfn.CONCAT(K81,M81) -> 0000000000080 | O81: =LEN(N81) -> 13 | P81: =RIGHT(N81,10) -> 0000000080 | Q81: 0000000080 | R81: =_xlfn.CONCAT(F81,L81) -> Ходорченко Виталий Викторович | S81: =LEFT(R81,180) -> Ходорченко Виталий Викторович | T81: Ходорченко Виталий Викторович | U81: =_xlfn.CONCAT(L81,G81) -> 0715145571 | V81: =RIGHT(U81,25) -> 0715145571 | W81: 0715145571
E82: 081 | F82: Алиса .Денис Макеевка | G82: 0713683751 | K82: 0000000000 | L82: =REPT(" ",180) | M82: 081 | N82: =_xlfn.CONCAT(K82,M82) -> 0000000000081 | O82: =LEN(N82) -> 13 | P82: =RIGHT(N82,10) -> 0000000081 | Q82: 0000000081 | R82: =_xlfn.CONCAT(F82,L82) -> Алиса .Денис Макеевка | S82: =LEFT(R82,180) -> Алиса .Денис Макеевка | T82: Алиса .Денис Макеевка | U82: =_xlfn.CONCAT(L82,G82) -> 0713683751 | V82: =RIGHT(U82,25) -> 0713683751 | W82: 0713683751
E83: 082 | F83: Куница Роман | G83: 0717054396 | K83: 0000000000 | L83: =REPT(" ",180) | M83: 082 | N83: =_xlfn.CONCAT(K83,M83) -> 0000000000082 | O83: =LEN(N83) -> 13 | P83: =RIGHT(N83,10) -> 0000000082 | Q83: 0000000082 | R83: =_xlfn.CONCAT(F83,L83) -> Куница Роман | S83: =LEFT(R83,180) -> Куница Роман | T83: Куница Роман | U83: =_xlfn.CONCAT(L83,G83) -> 0717054396 | V83: =RIGHT(U83,25) -> 0717054396 | W83: 0717054396
E84: 083 | F84: Света (Наташа) | G84: 0714284605 | K84: 0000000000 | L84: =REPT(" ",180) | M84: 083 | N84: =_xlfn.CONCAT(K84,M84) -> 0000000000083 | O84: =LEN(N84) -> 13 | P84: =RIGHT(N84,10) -> 0000000083 | Q84: 0000000083 | R84: =_xlfn.CONCAT(F84,L84) -> Света (Наташа) | S84: =LEFT(R84,180) -> Света (Наташа) | T84: Света (Наташа) | U84: =_xlfn.CONCAT(L84,G84) -> 0714284605 | V84: =RIGHT(U84,25) -> 0714284605 | W84: 0714284605
E85: 084 | F85: Александ | G85: 0713125055 | K85: 0000000000 | L85: =REPT(" ",180) | M85: 084 | N85: =_xlfn.CONCAT(K85,M85) -> 0000000000084 | O85: =LEN(N85) -> 13 | P85: =RIGHT(N85,10) -> 0000000084 | Q85: 0000000084 | R85: =_xlfn.CONCAT(F85,L85) -> Александ | S85: =LEFT(R85,180) -> Александ | T85: Александ | U85: =_xlfn.CONCAT(L85,G85) -> 0713125055 | V85: =RIGHT(U85,25) -> 0713125055 | W85: 0713125055
E86: 085 | F86: Марина Алчевск | G86: 0721272088 | K86: 0000000000 | L86: =REPT(" ",180) | M86: 085 | N86: =_xlfn.CONCAT(K86,M86) -> 0000000000085 | O86: =LEN(N86) -> 13 | P86: =RIGHT(N86,10) -> 0000000085 | Q86: 0000000085 | R86: =_xlfn.CONCAT(F86,L86) -> Марина Алчевск | S86: =LEFT(R86,180) -> Марина Алчевск | T86: Марина Алчевск | U86: =_xlfn.CONCAT(L86,G86) -> 0721272088 | V86: =RIGHT(U86,25) -> 0721272088 | W86: 0721272088

Sheet table03
A1: a1 | B1: a1 | C1: a2 | D1: a3 | E1: a4 | F1: a5 | G1: a6 | H1: a7 | I1: a8 | J1: a9 | K1: a10 | L1: a11 | M1: a12 | N1: a13 | O1: a14 | P1: a15
C2: Розница | D2: НАКЛАДНАЯ N | F2: 4110 | J2: Розн | K2: Опт | L2: Опт | M2: Клиент | N2: Курс | O2: 4110 | P2: 45412.623
F3: 45412.623 | J3: Цена | K3: 0 | M3: 1 | N3: 110 | O3: 4110 | P3: 45412.623
C4: Наименование товара | D4: Ед | E4: Кол-во | F4: Цена | G4: Сумма | H4: Остаток | I4: Код | J4: 0 | K4: 1 | L4: 2 | O4: 4110 | P4: 45412.623
B5: 1 | C5: Заправка лазерного картриджа | D5: шт | E5: 4 | F5: 350 | G5: 1400 | H5: -4 | I5: 167 | J5: 462 | K5: 370 | L5: 323 | M5: 1 | N5: 110 | O5: 4110 | P5: 45412.623
B6: 2 | C6: Заправка лазерного картриджа | D6: шт | E6: 7 | F6: 400 | G6: 2800 | H6: -7 | I6: 167 | J6: 462 | K6: 370 | L6: 323 | M6: 1 | N6: 110 | O6: 4110 | P6: 45412.623
B7: 3 | C7: Чернила Canon 100мл Black | D7: шт | E7: 3 | F7: 300 | G7: 900 | H7: -3 | I7: 117 | J7: 180 | K7: 144 | L7: 126 | M7: 1 | N7: 110 | O7: 4110 | P7: 45412.623
B8: 4 | C8: Фотобумага Hi-Image Paper глянцевая односторонняя, A4, 230 г/м2, 100 л. | D8: шт | E8: 1 | F8: 1100 | G8: 1100 | H8: -1 | I8: 389 | J8: 1291 | K8: 1205 | L8: 1119 | M8: 1 | N8: 110 | O8: 4110 | P8: 45412.623
B9: 5 | C9: Картридж лазерный HP LJ 285A/Canon 725 | D9: шт | E9: 1 | F9: 800 | G9: 800 | H9: 4 | I9: 175 | J9: 874 | K9: 728 | L9: 680 | M9: 1 | N9: 110 | O9: 4110 | P9: 45412.623
E10: Всего | F10: 7000 | O10: 4110 | P10: 45412.623
C11: Розница | D11: НАКЛАДНАЯ N | F11: 4109 | J11: Розн | K11: Опт | L11: Опт | M11: Клиент | N11: Курс | O11: 4109 | P11: 45410.623
F12: 45410.623 | J12: Цена | K12: 0 | M12: 1 | N12: 110 | O12: 4109 | P12: 45410.623
C13: Наименование товара | D13: Ед | E13: Кол-во | F13: Цена | G13: Сумма | H13: Остаток | I13: Код | J13: 0 | K13: 1 | L13: 2 | O13: 4109 | P13: 45410.623
B14: 1 | C14: Тонер Samsung ML-1210/1710/SCX-4200 (500г) | D14: шт | E14: 1 | F14: 800 | G14: 800 | H14: -1 | I14: 99 | J14: 755 | K14: 705 | L14: 655 | M14: 1 | N14: 110 | O14: 4109 | P14: 45410.623
B15: 2 | C15: Чернила Epson T50 100мл Black | D15: шт | E15: 1 | F15: 250 | G15: 250 | H15: -1 | I15: 127 | J15: 180 | K15: 144 | L15: 126 | M15: 1 | N15: 110 | O15: 4109 | P15: 45410.623
B16: 3 | C16: Заправка лазерного картриджа | D16: шт | E16: 4 | F16: 400 | G16: 1600 | H16: -4 | I16: 167 | J16: 462 | K16: 370 | L16: 323 | M16: 1 | N16: 110 | O16: 4109 | P16: 45410.623
B17: 4 | C17: Ремонт струйного принтера | D17: шт | E17: 1 | F17: 1500 | G17: 1500 | H17: -1 | I17: 170 | J17: 462 | K17: 370 | L17: 323 | M17: 1 | N17: 110 | O17: 4109 | P17: 45410.623
B18: 5 | C18: Ремонт лазерного принтера | D18: шт | E18: 1 | F18: 400 | G18: 400 | H18: -1 | I18: 169 | J18: 462 | K18: 370 | L18: 323 | M18: 1 | N18: 110 | O18: 4109 | P18: 45410.623
B19: 6 | C19: Тонер Samsung ML-1210/1710/SCX-4200 ( 90г) | D19: шт | E19: 1 | F19: 200 | G19: 200 | H19: -1 | I19: 98 | J19: 151 | K19: 141 | L19: 131 | M19: 1 | N19: 110 | O19: 4109 | P19: 45410.623
E20: Всего | F20: 4750 | O20: 4109 | P20: 45410.623
C21: Розница | D21: НАКЛАДНАЯ N | F21: 4108 | J21: Розн | K21: Опт | L21: Опт | M21: Клиент | N21: Курс | O21: 4108 | P21: 45409.459
F22: 45409.459 | J22: Цена | K22: 0 | M22: 1 | N22: 110 | O22: 4108 | P22: 45409.459
C23: Наименование товара | D23: Ед | E23: Кол-во | F23: Цена | G23: Сумма | H23: Остаток | I23: Код | J23: 0 | K23: 1 | L23: 2 | O23: 4108 | P23: 45409.459
B24: 1 | C24: Картридж лазерный HP LJ 2612A/C103/303/703/FX9/10/L90/C104 | D24: шт | E24: 1 | F24: 900 | G24: 900 | H24: 15 | I24: 33 | J24: 876 | K24: 730 | L24: 681 | M24: 1 | N24: 110 | O24: 4108 | P24: 45409.459
B25: 2 | C25: Заправка лазерного картриджа | D25: шт | E25: 2 | F25: 350 | G25: 700 | H25: -2 | I25: 167 | J25: 462 | K25: 370 | L25: 323 | M25: 1 | N25: 110 | O25: 4108 | P25: 45409.459
B26: 3 | C26: Заправка лазерного картриджа | D26: шт | E26: 2 | F26: 400 | G26: 800 | H26: -2 | I26: 167 | J26: 462 | K26: 370 | L26: 323 | M26: 1 | N26: 110 | O26: 4108 | P26: 45409.459
B27: 4 | C27: Чернила Epson T50 100мл Black | D27: шт | E27: 2 | F27: 250 | G27: 500 | H27: -2 | I27: 127 | J27: 180 | K27: 144 | L27: 126 | M27: 1 | N27: 110 | O27: 4108 | P27: 45409.459
B28: 5 | C28: Фотобумага Hi-Image Paper матовая односторонняя, A4, 230 г/м2, 100 л. | D28: шт | E28: 1 | F28: 800 | G28: 800 | H28: -1 | I28: 391 | J28: 908 | K28: 847 | L28: 787 | M28: 1 | N28: 110 | O28: 4108 | P28: 45409.459
B29: 6 | C29: Заправка лазерного картриджа | D29: шт | E29: 4 | F29: 400 | G29: 1600 | H29: -4 | I29: 167 | J29: 462 | K29: 370 | L29: 323 | M29: 1 | N29: 110 | O29: 4108 | P29: 45409.459
B30: 7 | C30: HLCC-180G Фотобумага глянцевая, 180 гр/см2, 4R (10 на 15см) | D30: пачка | E30: 1 | F30: 250 | G30: 250 | H30: -1 | I30: 4 | J30: 248 | K30: 198 | L30: 188 | M30: 1 | N30: 110 | O30: 4108 | P30: 45409.459
B31: 8 | C31: Кабель питания 1.2м | D31: шт | E31: 1 | F31: 150 | G31: 150 | H31: -1 | I31: 274 | J31: 107 | K31: 95 | L31: 95 | M31: 1 | N31: 110 | O31: 4108 | P31: 45409.459
E32: Всего | F32: 5700 | O32: 4108 | P32: 45409.459
C33: Женя Полиграф | D33: НАКЛАДНАЯ N | F33: 4107 | J33: Розн | K33: Опт | L33: Опт | M33: Клиент | N33: Курс | O33: 4107 | P33: 45408.674
F34: 45408.674 | J34: Цена | K34: 0 | M34: 39 | N34: 110 | O34: 4107 | P34: 45408.674
C35: Наименование товара | D35: Ед | E35: Кол-во | F35: Цена | G35: Сумма | H35: Остаток | I35: Код | J35: 0 | K35: 1 | L35: 2 | O35: 4107 | P35: 45408.674
B36: 1 | C36: Фотобумага NetProduct глянцевая односторонняя, 10x15 см, 230 г/м2, 500 л. | D36: шт | E36: 1 | F36: 1300 | G36: 1300 | H36: 0 | I36: 390 | J36: 1648 | K36: 1538 | L36: 1428 | M36: 39 | N36: 110 | O36: 4107 | P36: 45408.674
B37: 2 | C37: Фотобумага Hi-Image Paper глянцевая односторонняя, A4, 230 г/м2, 100 л. | D37: шт | E37: 1 | F37: 1000 | G37: 1000 | H37: -1 | I37: 389 | J37: 1291 | K37: 1205 | L37: 1119 | M37: 39 | N37: 110 | O37: 4107 | P37: 45408.674
E38: Всего | F38: 2300 | O38: 4107 | P38: 45408.674
C39: Розница | D39: НАКЛАДНАЯ N | F39: 4106 | J39: Розн | K39: Опт | L39: Опт | M39: Клиент | N39: Курс | O39: 4106 | P39: 45408.674
F40: 45408.674 | J40: Цена | K40: 0 | M40: 1 | N40: 110 | O40: 4106 | P40: 45408.674
C41: Наименование товара | D41: Ед | E41: Кол-во | F41: Цена | G41: Сумма | H41: Остаток | I41: Код | J41: 0 | K41: 1 | L41: 2 | O41: 4106 | P41: 45408.674
B42: 1 | C42: Чернила Canon 100мл Black | D42: шт | E42: 1 | F42: 350 | G42: 350 | H42: -1 | I42: 117 | J42: 180 | K42: 144 | L42: 126 | M42: 1 | N42: 110 | O42: 4106 | P42: 45408.674
B43: 2 | C43: Картридж лазерный HP LJ 285A/Canon 725 | D43: шт | E43: 1 | F43: 800 | G43: 800 | H43: -1 | I43: 175 | J43: 874 | K43: 728 | L43: 680 | M43: 1 | N43: 110 | O43: 4106 | P43: 45408.674
B44: 3 | C44: Чернила Epson T50 100мл Black | D44: шт | E44: 1 | F44: 250 | G44: 250 | H44: -1 | I44: 127 | J44: 180 | K44: 144 | L44: 126 | M44: 1 | N44: 110 | O44: 4106 | P44: 45408.674
E45: Всего | F45: 1400 | O45: 4106 | P45: 45408.674
C46: Розница | D46: НАКЛАДНАЯ N | F46: 4105 | J46: Розн | K46: Опт | L46: Опт | M46: Клиент | N46: Курс | O46: 4105 | P46: 45407.672
F47: 45407.672 | J47: Цена | K47: 0 | M47: 1 | N47: 110 | O47: 4105 | P47: 45407.672
C48: Наименование товара | D48: Ед | E48: Кол-во | F48: Цена | G48: Сумма | H48: Остаток | I48: Код | J48: 0 | K48: 1 | L48: 2 | O48: 4105 | P48: 45407.672
B49: 1 | C49: Чернила Canon 100мл Black | D49: шт | E49: 2 | F49: 250 | G49: 500 | H49: -2 | I49: 117 | J49: 180 | K49: 144 | L49: 126 | M49: 1 | N49: 110 | O49: 4105 | P49: 45407.672
B50: 2 | C50: Заправка лазерного картриджа | D50: шт | E50: 1 | F50: 400 | G50: 400 | H50: -1 | I50: 167 | J50: 462 | K50: 370 | L50: 323 | M50: 1 | N50: 110 | O50: 4105 | P50: 45407.672
B51: 3 | C51: Чернила Epson T50 100мл Black | D51: шт | E51: 1 | F51: 250 | G51: 250 | H51: -1 | I51: 127 | J51: 180 | K51: 144 | L51: 126 | M51: 1 | N51: 110 | O51: 4105 | P51: 45407.672
B52: 4 | C52: Вал магнитный (magnetic roller) для картриджей HP Laser Jet 1010/1012/1015/3015/3020/3030 CANON 2900/3000 | D52: шт | E52: 1 | F52: 100 | G52: 100 | H52: -1 | I52: 19 | J52: 125 | K52: 100 | L52: 88 | M52: 1 | N52: 110 | O52: 4105 | P52: 45407.672
B53: 5 | C53: Заправка лазерного картриджа | D53: шт | E53: 1 | F53: 400 | G53: 400 | H53: -1 | I53: 167 | J53: 462 | K53: 370 | L53: 323 | M53: 1 | N53: 110 | O53: 4105 | P53: 45407.672
B54: 6 | C54: HLCC-180G Фотобумага глянцевая, 180 гр/см2, 4R (10 на 15см) | D54: пачка | E54: 1 | F54: 250 | G54: 250 | H54: -1 | I54: 4 | J54: 248 | K54: 198 | L54: 188 | M54: 1 | N54: 110 | O54: 4105 | P54: 45407.672
B55: 7 | C55: Ремонт лазерного принтера | D55: шт | E55: 1 | F55: 1000 | G55: 1000 | H55: -1 | I55: 169 | J55: 462 | K55: 370 | L55: 323 | M55: 1 | N55: 110 | O55: 4105 | P55: 45407.672
E56: Всего | F56: 2900 | O56: 4105 | P56: 45407.672
C57: Розница | D57: НАКЛАДНАЯ N | F57: 4104 | J57: Розн | K57: Опт | L57: Опт | M57: Клиент | N57: Курс | O57: 4104 | P57: 45406.453
F58: 45406.453 | J58: Цена | K58: 0 | M58: 1 | N58: 110 | O58: 4104 | P58: 45406.453
C59: Наименование товара | D59: Ед | E59: Кол-во | F59: Цена | G59: Сумма | H59: Остаток | I59: Код | J59: 0 | K59: 1 | L59: 2 | O59: 4104 | P59: 45406.453
B60: 1 | C60: Ремонт лазерного принтера | D60: шт | E60: 1 | F60: 500 | G60: 500 | H60: -1 | I60: 169 | J60: 462 | K60: 370 | L60: 323 | M60: 1 | N60: 110 | O60: 4104 | P60: 45406.453
B61: 2 | C61: Заправка лазерного картриджа | D61: шт | E61: 1 | F61: 400 | G61: 400 | H61: -1 | I61: 167 | J61: 462 | K61: 370 | L61: 323 | M61: 1 | N61: 110 | O61: 4104 | P61: 45406.453
B62: 3 | C62: РОЗНИЦА (разное) | D62: шт | E62: 1 | F62: 200 | G62: 200 | H62: -1 | I62: 187 | J62: 462 | K62: 370 | L62: 323 | M62: 1 | N62: 110 | O62: 4104 | P62: 45406.453
B63: 4 | C63: HLCC-180G Фотобумага глянцевая, 180 гр/см2, 4R (10 на 15см) | D63: пачка | E63: 1 | F63: 250 | G63: 250 | H63: -1 | I63: 4 | J63: 248 | K63: 198 | L63: 188 | M63: 1 | N63: 110 | O63: 4104 | P63: 45406.453
E64: Всего | F64: 1350 | O64: 4104 | P64: 45406.453
C65: Даша Золотое кольцо | D65: НАКЛАДНАЯ N | F65: 4103 | J65: Розн | K65: Опт | L65: Опт | M65: Клиент | N65: Курс | O65: 4103 | P65: 45406.453
F66: 45406.453 | J66: Цена | K66: 0 | M66: 18 | N66: 110 | O66: 4103 | P66: 45406.453
C67: Наименование товара | D67: Ед | E67: Кол-во | F67: Цена | G67: Сумма | H67: Остаток | I67: Код | J67: 0 | K67: 1 | L67: 2 | O67: 4103 | P67: 45406.453
B68: 1 | C68: Чернила Epson T50 100мл Black | D68: шт | E68: 24 | F68: 200 | G68: 4800 | H68: -24 | I68: 127 | J68: 180 | K68: 144 | L68: 126 | M68: 18 | N68: 110 | O68: 4103 | P68: 45406.453
B69: 2 | C69: HLPP-115G Фотобумага глянцевая А4, 115гр/см2, 100 листов | D69: шт | E69: 1 | F69: 450 | G69: 450 | H69: -1 | I69: 323 | J69: 427 | K69: 474 | L69: 451 | M69: 18 | N69: 110 | O69: 4103 | P69: 45406.453
B70: 3 | C70: HLPP-260G Фотобумага 4R 260G RC Rough satin photo paper *100sheets/pk | D70: шт | E70: 4 | F70: 500 | G70: 2000 | H70: -4 | I70: 327 | J70: 484 | K70: 538 | L70: 511 | M70: 18 | N70: 110 | O70: 4103 | P70: 45406.453
B71: 4 | C71: РОЗНИЦА (разное) | D71: шт | E71: 1 | F71: 80 | G71: 80 | H71: -1 | I71: 187 | J71: 462 | K71: 370 | L71: 323 | M71: 18 | N71: 110 | O71: 4103 | P71: 45406.453
E72: Всего | F72: 7330 | O72: 4103 | P72: 45406.453
C73: Розница | D73: НАКЛАДНАЯ N | F73: 4102 | J73: Розн | K73: Опт | L73: Опт | M73: Клиент | N73: Курс | O73: 4102 | P73: 45405.453
F74: 45405.453 | J74: Цена | K74: 0 | M74: 1 | N74: 110 | O74: 4102 | P74: 45405.453
C75: Наименование товара | D75: Ед | E75: Кол-во | F75: Цена | G75: Сумма | H75: Остаток | I75: Код | J75: 0 | K75: 1 | L75: 2 | O75: 4102 | P75: 45405.453
B76: 1 | C76: HLPP-115G Фотобумага глянцевая самоклеющаяся, 115 гр/см2, A4 * 50 листов | D76: пачка | E76: 2 | F76: 450 | G76: 900 | H76: -2 | I76: 160 | J76: 640 | K76: 512 | L76: 487 | M76: 1 | N76: 110 | O76: 4102 | P76: 45405.453
B77: 2 | C77: Ремонт лазерного принтера | D77: шт | E77: 1 | F77: 500 | G77: 500 | H77: -1 | I77: 169 | J77: 462 | K77: 370 | L77: 323 | M77: 1 | N77: 110 | O77: 4102 | P77: 45405.453
B78: 3 | C78: РОЗНИЦА (разное) | D78: шт | E78: 2 | F78: 250 | G78: 500 | H78: -2 | I78: 187 | J78: 462 | K78: 370 | L78: 323 | M78: 1 | N78: 110 | O78: 4102 | P78: 45405.453
B79: 4 | C79: Заправка лазерного картриджа | D79: шт | E79: 5 | F79: 400 | G79: 2000 | H79: -5 | I79: 167 | J79: 462 | K79: 370 | L79: 323 | M79: 1 | N79: 110 | O79: 4102 | P79: 45405.453
B80: 5 | C80: HLPP-230G Фотобумага глянцевая А4, 230гр/см2, 20 листов с ЛОГОТИПОМ | D80: шт | E80: 1 | F80: 200 | G80: 200 | H80: -1 | I80: 27 | J80: 191 | K80: 153 | L80: 145 | M80: 1 | N80: 110 | O80: 4102 | P80: 45405.453
B81: 6 | C81: Чернила Epson T50 100мл Black | D81: шт | E81: 2 | F81: 250 | G81: 500 | H81: -2 | I81: 127 | J81: 180 | K81: 144 | L81: 126 | M81: 1 | N81: 110 | O81: 4102 | P81: 45405.453
B82: 7 | C82: HLPP-260G Фотобумага 4R 260G RC Matte satin photo paper *100sheets/pk | D82: шт | E82: 1 | F82: 400 | G82: 400 | H82: -1 | I82: 326 | J82: 484 | K82: 538 | L82: 511 | M82: 1 | N82: 110 | O82: 4102 | P82: 45405.453
E83: Всего | F83: 5000 | O83: 4102 | P83: 45405.453
C84: Розница | D84: НАКЛАДНАЯ N | F84: 4101 | J84: Розн | K84: Опт | L84: Опт | M84: Клиент | N84: Курс | O84: 4101 | P84: 45403.683
F85: 45403.683 | J85: Цена | K85: 0 | M85: 1 | N85: 110 | O85: 4101 | P85: 45403.683
C86: Наименование товара | D86: Ед | E86: Кол-во | F86: Цена | G86: Сумма | H86: Остаток | I86: Код | J86: 0 | K86: 1 | L86: 2 | O86: 4101 | P86: 45403.683
B87: 1 | C87: Заправка лазерного картриджа | D87: шт | E87: 4 | F87: 400 | G87: 1600 | H87: -4 | I87: 167 | J87: 462 | K87: 370 | L87: 323 | M87: 1 | N87: 110 | O87: 4101 | P87: 45403.683
B88: 2 | C88: Фотобарабан для принтера HP LJ P1005/435A/436A/285A/283A | D88: шт | E88: 5 | F88: 150 | G88: 750 | H88: -5 | I88: 116 | J88: 163 | K88: 130 | L88: 114 | M88: 1 | N88: 110 | O88: 4101 | P88: 45403.683
B89: 3 | C89: Чернила Epson T50 100мл Black | D89: шт | E89: 2 | F89: 250 | G89: 500 | H89: -2 | I89: 127 | J89: 180 | K89: 144 | L89: 126 | M89: 1 | N89: 110 | O89: 4101 | P89: 45403.683
B90: 4 | C90: HLPP-230G Фотобумага глянцевая А4, 230гр/см2, 20 листов с ЛОГОТИПОМ | D90: шт | E90: 1 | F90: 200 | G90: 200 | H90: -1 | I90: 27 | J90: 191 | K90: 153 | L90: 145 | M90: 1 | N90: 110 | O90: 4101 | P90: 45403.683
E91: Всего | F91: 3050 | O91: 4101 | P91: 45403.683
C92: Даша Золотое кольцо | D92: НАКЛАДНАЯ N | F92: 4100 | J92: Розн | K92: Опт | L92: Опт | M92: Клиент | N92: Курс | O92: 4100 | P92: 45402.517
F93: 45402.517 | J93: Цена | K93: 0 | M93: 18 | N93: 110 | O93: 4100 | P93: 45402.517
C94: Наименование товара | D94: Ед | E94: Кол-во | F94: Цена | G94: Сумма | H94: Остаток | I94: Код | J94: 0 | K94: 1 | L94: 2 | O94: 4100 | P94: 45402.517
B95: 1 | C95: Чернила Epson T50 100мл Black | D95: шт | E95: 10 | F95: 200 | G95: 2000 | H95: -10 | I95: 127 | J95: 180 | K95: 144 | L95: 126 | M95: 18 | N95: 110 | O95: 4100 | P95: 45402.517
E96: Всего | F96: 2000 | O96: 4100 | P96: 45402.517
C97: Розница | D97: НАКЛАДНАЯ N | F97: 4099 | J97: Розн | K97: Опт | L97: Опт | M97: Клиент | N97: Курс | O97: 4099 | P97: 45402.517
F98: 45402.517 | J98: Цена | K98: 0 | M98: 1 | N98: 110 | O98: 4099 | P98: 45402.517
C99: Наименование товара | D99: Ед | E99: Кол-во | F99: Цена | G99: Сумма | H99: Остаток | I99: Код | J99: 0 | K99: 1 | L99: 2 | O99: 4099 | P99: 45402.517
B100: 1 | C100: Заправка лазерного картриджа | D100: шт | E100: 2 | F100: 400 | G100: 800 | H100: -2 | I100: 167 | J100: 462 | K100: 370 | L100: 323 | M100: 1 | N100: 110 | O100: 4099 | P100: 45402.517
...

Sheet table03_01
